id,x,y,z
1.0,56.99795,-8.04501,43.43501
2.0,56.34508,-8.17638,44.2403
3.0,56.25747,-9.1377,44.21641
4.0,56.20678,-8.62395,43.45972
5.0,56.37291,-8.18004,44.34497
6.0,55.74916,-8.65983,45.0
7.0,55.84428,-9.23148,45.85291
8.0,57.36097,-9.20509,47.13202
9.0,57.82214,-8.38536,47.58186
10.0,58.59107,-7.80382,47.58221
11.0,59.52514,-7.44381,47.04109
12.0,59.88193,-8.29158,46.49549
13.0,59.44605,-8.91396,45.90445
14.0,58.65456,-8.69842,45.22495
15.0,58.9865,-9.39721,44.62937
16.0,58.72593,-9.46021,45.66553
17.0,59.47925,-8.91102,45.80875
18.0,58.86522,-9.71495,45.8614
19.0,57.84565,-10.11057,46.16579
20.0,56.91121,-10.14659,45.94202
21.0,56.4531,-10.21861,45.13442
22.0,57.349,-10.48612,44.79731
23.0,57.25346,-10.62447,45.82656
24.0,56.40796,-10.28779,45.36004
25.0,56.96071,-9.86546,44.70159
26.0,57.14727,-9.7478,45.63829
27.0,57.37918,-9.93629,46.53639
28.0,58.29735,-9.59437,46.67466
29.0,58.19284,-10.4631,46.1414
30.0,58.44336,-9.33279,46.70919
31.0,57.95619,-10.199,46.18155
32.0,58.89572,-9.85594,46.37777
33.0,57.93609,-10.52243,46.07809
34.0,58.77354,-10.38183,45.75956
35.0,57.94304,-10.71058,46.20726
36.0,57.12527,-10.07628,46.35183
37.0,57.66069,-10.6928,45.90251
38.0,58.41543,-10.13513,46.27566
39.0,58.21613,-9.28907,46.72857
40.0,57.81312,-9.99846,46.15442
41.0,58.42696,-9.23859,46.46925
42.0,58.74632,-10.15129,46.10775
43.0,58.59514,-10.99552,45.36547
44.0,59.31336,-10.22585,44.99808
45.0,58.92398,-10.64971,44.17768
46.0,58.00309,-10.61737,44.33761
47.0,58.84783,-11.01894,44.70119
48.0,58.41411,-10.24704,43.98772
49.0,57.40634,-9.99983,43.95477
50.0,57.72853,-9.06763,43.57778
51.0,57.99461,-9.97177,43.79695
52.0,58.22567,-10.89834,44.26859
53.0,58.0215,-10.09159,44.7137
54.0,57.67133,-10.81628,44.10621
55.0,57.06533,-10.47677,44.6408
56.0,57.34571,-9.90093,43.66758
57.0,57.59649,-10.57702,44.4123
58.0,57.07118,-9.77244,44.10429
59.0,58.08401,-10.52549,44.14821
60.0,57.38075,-9.77386,43.63144
61.0,57.27548,-10.30814,44.48303
62.0,57.66407,-9.96055,43.56188
63.0,58.24929,-10.82103,43.56847
64.0,59.08018,-10.34042,43.36423
65.0,59.63343,-10.73949,44.02069
66.0,59.06106,-10.91472,44.95052
67.0,59.25971,-10.50302,44.05925
68.0,58.86459,-10.43054,45.04147
69.0,57.99568,-11.07321,45.04413
70.0,57.28007,-10.41685,45.31214
71.0,58.29986,-10.8937,45.56502
72.0,59.16295,-10.26299,45.49149
73.0,58.62487,-10.7514,44.86634
74.0,59.60289,-10.50806,45.24034
75.0,58.99925,-10.56708,44.55786
76.0,59.8725,-10.11958,45.01972
77.0,60.05989,-9.04166,44.9862
78.0,59.41342,-9.7199,45.17449
79.0,58.67923,-9.48087,45.61523
80.0,58.0867,-8.81141,45.37649
81.0,59.08682,-9.00529,45.11187
82.0,59.5308,-8.69631,44.35767
83.0,59.25661,-8.4518,43.49512
84.0,58.74223,-9.33324,43.49664
85.0,59.13331,-8.68487,44.11524
86.0,59.52734,-9.52346,44.46815
87.0,60.05158,-8.63077,44.64315
88.0,59.3205,-8.72944,45.58223
89.0,59.62208,-8.91133,44.53505
90.0,59.3734,-8.43928,43.66606
91.0,59.58535,-8.86905,42.76759
92.0,59.06749,-9.62928,43.21776
93.0,60.14799,-9.20212,43.66821
94.0,59.53932,-9.92928,44.00175
95.0,59.35608,-9.23305,43.38705
96.0,60.15288,-9.45938,44.04189
97.0,59.28422,-8.51222,43.69327
98.0,59.56301,-9.37885,43.33839
99.0,59.53234,-8.36026,43.34659
100.0,58.47085,-8.35408,43.21034
101.0,57.93598,-9.12576,43.32305
102.0,58.49758,-9.64221,44.02639
103.0,59.17969,-9.96037,44.85773
104.0,58.09954,-9.79628,44.62365
105.0,58.94086,-9.38924,44.94225
106.0,58.98257,-10.02457,45.78767
107.0,59.56843,-9.4098,45.65127
108.0,60.11435,-9.60923,44.8832
109.0,59.56039,-8.74076,45.26255
110.0,58.60437,-8.70862,45.27963
111.0,59.57885,-8.65952,45.40163
112.0,59.1808,-8.57873,44.4138
113.0,58.36399,-8.71075,44.93508
114.0,58.09165,-9.0245,43.97632
115.0,57.34561,-9.78611,43.91983
116.0,58.44453,-9.60199,43.85244
117.0,58.18274,-8.60705,43.44158
118.0,59.04984,-8.8329,42.93691
119.0,58.28344,-8.34921,43.28135
120.0,57.57254,-8.8091,43.72398
121.0,58.48352,-8.61965,44.35726
122.0,58.04936,-8.57035,45.41906
123.0,58.84325,-8.73229,44.83463
124.0,59.32227,-8.81859,45.7211
125.0,58.49465,-8.78532,46.24496
126.0,57.80869,-8.69642,45.62697
127.0,56.95985,-8.72681,45.15821
128.0,57.44467,-8.99074,45.97585
129.0,56.69915,-9.10222,45.21679
130.0,56.79785,-9.14149,46.17027
131.0,56.7893,-8.78666,45.27736
132.0,57.02529,-9.10754,46.19089
133.0,57.3147,-8.4559,45.24259
134.0,57.00755,-9.07197,45.92168
135.0,58.01541,-8.96431,46.23688
136.0,57.52277,-8.95742,45.15716
137.0,57.29158,-8.74603,44.20509
138.0,58.25958,-9.27463,44.10683
139.0,57.55314,-8.62076,44.03452
140.0,57.22972,-9.16598,44.80225
141.0,58.04997,-9.55159,44.93183
142.0,57.44123,-8.9293,44.4662
143.0,56.72422,-9.22461,45.23553
144.0,57.19136,-9.12214,44.39164
145.0,56.47996,-9.52319,44.893
146.0,57.27744,-8.99241,44.57512
147.0,57.70211,-8.72423,43.74736
148.0,58.54474,-8.67478,44.22755
149.0,57.68599,-8.82467,44.72923
150.0,58.71037,-8.78108,44.75011
151.0,57.90099,-8.55462,44.08932
152.0,58.62826,-8.35721,44.59377
153.0,58.39058,-8.24156,45.60305
154.0,58.58132,-8.40513,46.57539
155.0,58.42854,-8.15727,45.5837
156.0,58.12526,-8.69807,46.37002
157.0,57.12414,-8.68576,46.31747
158.0,57.78182,-8.53633,45.60326
159.0,56.95227,-8.72925,46.37413
160.0,56.79258,-8.46251,45.34947
161.0,56.80083,-8.83884,46.20887
162.0,57.54195,-8.12049,46.64851
163.0,56.7464,-8.68704,46.47222
164.0,57.00782,-8.61416,45.43377
165.0,57.26745,-8.28141,46.44379
166.0,56.5668,-8.5064,45.69313
167.0,56.90585,-8.4124,46.63875
168.0,57.80593,-7.99598,46.60112
169.0,57.22819,-8.59057,46.29222
170.0,56.61151,-8.6826,45.55247
171.0,57.37335,-8.46769,46.10902
172.0,58.27814,-8.22521,46.49583
173.0,58.51887,-7.2878,46.27467
174.0,58.82946,-8.15614,46.49415
175.0,59.34545,-7.6575,45.78336
176.0,58.56235,-7.54286,46.40224
177.0,58.20635,-7.70528,45.53999
178.0,59.13966,-7.85969,45.96087
179.0,58.50915,-8.27454,46.55198
180.0,57.74152,-7.80889,46.7386
181.0,58.5836,-7.93001,46.35772
182.0,57.72712,-8.46516,46.32196
183.0,58.54968,-7.64572,46.32043
184.0,58.26956,-7.80286,45.2725
185.0,58.00716,-7.68877,44.32302
186.0,58.76553,-7.66514,44.85646
187.0,58.21471,-7.92976,44.11582
188.0,58.93559,-7.52253,44.61276
189.0,58.23114,-7.89885,43.93239
190.0,57.52526,-7.7358,44.60635
191.0,58.0012,-7.41072,43.68978
192.0,58.83235,-7.62605,44.08339
193.0,59.55259,-7.40984,44.69007
194.0,59.26699,-6.61553,44.0649
195.0,59.69749,-7.20157,44.88665
196.0,60.48617,-6.68963,45.08619
197.0,60.27467,-6.98537,44.20553
198.0,59.85782,-7.37959,43.49488
199.0,59.57982,-7.23075,44.50081
200.0,59.33156,-7.37299,43.56627
201.0,59.81498,-6.49899,43.1122
202.0,59.99075,-7.45247,43.81266
203.0,60.20275,-6.91587,44.64237
204.0,59.64897,-7.49679,44.05003
205.0,59.71997,-7.27093,45.02588
206.0,59.62085,-6.86159,45.87839
207.0,59.3527,-7.63991,45.4421
208.0,58.54405,-7.7559,44.9309
209.0,58.8153,-7.70338,45.86909
210.0,58.47516,-6.70172,45.95584
211.0,59.30553,-6.93193,45.60019
212.0,58.71815,-7.61407,45.91799
213.0,58.62905,-6.51236,46.07949
214.0,58.41998,-7.4445,45.98931
215.0,58.90525,-7.47497,45.14986
216.0,58.59686,-6.40735,45.45398
217.0,59.00584,-5.80061,46.24489
218.0,59.31617,-6.38399,45.53636
219.0,58.92309,-6.03697,44.64378
220.0,59.55477,-6.55707,45.29807
221.0,59.17802,-5.73809,44.93308
222.0,58.83723,-4.96699,44.18567
223.0,58.72102,-5.81566,43.54562
224.0,59.37498,-6.49853,43.91889
225.0,58.5568,-6.71526,43.50386
226.0,59.40447,-7.1242,44.03901
227.0,59.07773,-7.15016,43.05476
228.0,58.01015,-7.22005,43.17717
229.0,58.65149,-6.38209,43.10565
230.0,58.05129,-7.24409,43.39105
231.0,58.13266,-6.2028,43.58981
232.0,58.79217,-5.49146,43.62443
233.0,58.67615,-6.43185,43.3593
234.0,57.89258,-5.7332,43.6433
235.0,58.19631,-6.68291,43.41638
236.0,57.82797,-7.55398,43.68663
237.0,57.40669,-7.50443,44.69698
238.0,56.88157,-6.74263,44.26206
239.0,57.48845,-7.45114,44.06299
240.0,58.06844,-6.87343,43.56936
241.0,58.11046,-5.87722,43.82842
242.0,58.75871,-5.4687,44.38437
243.0,58.25732,-6.1048,43.95725
244.0,58.8217,-6.20854,44.92442
245.0,59.48087,-6.40037,45.78469
246.0,58.78669,-5.69954,45.60245
247.0,58.20511,-6.53915,45.31104
248.0,58.24375,-7.68251,45.03207
249.0,57.17647,-7.67927,44.53395
250.0,57.04373,-6.463,44.63547
251.0,57.99828,-6.82581,44.81496
252.0,57.44688,-7.58335,44.81693
253.0,57.93785,-7.27807,45.70384
254.0,57.75226,-6.46169,44.87011
255.0,58.5879,-6.67029,45.29976
256.0,58.14122,-7.43064,44.9609
257.0,57.27126,-7.08432,44.84075
258.0,58.09244,-7.32273,44.5468
259.0,57.09684,-7.53205,44.63855
260.0,57.22447,-6.66044,44.18463
261.0,57.45346,-7.56279,44.40807
262.0,57.4557,-6.41039,44.37398
263.0,58.20283,-5.88986,44.12597
264.0,59.00676,-5.94573,43.55851
265.0,59.27807,-5.94799,44.90913
266.0,58.77558,-5.98652,45.80333
267.0,58.97867,-5.92127,44.83919
268.0,59.1972,-6.70608,45.56816
269.0,59.19845,-6.46283,44.53934
270.0,58.24291,-6.6793,44.57413
271.0,57.35415,-7.39439,44.3186
272.0,58.27193,-7.40974,44.05641
273.0,57.32907,-7.58799,44.4778
274.0,58.01196,-6.99228,44.80443
275.0,58.20696,-7.24606,45.75335
276.0,57.38632,-7.79408,45.52902
277.0,57.83262,-7.40228,46.2828
278.0,58.56388,-6.60721,46.41562
279.0,58.07886,-7.37344,46.78741
280.0,58.43916,-6.635,46.24219
281.0,57.95029,-7.3288,45.6648
282.0,57.28688,-7.23989,44.86029
283.0,57.58638,-7.41198,45.71033
284.0,56.69521,-8.0951,45.39003
285.0,56.45489,-7.31648,44.89139
286.0,57.10996,-7.60714,45.68553
287.0,56.96804,-7.20546,44.81708
288.0,56.53535,-8.01173,45.34366
289.0,56.6592,-7.07093,44.9462
290.0,56.44177,-7.30633,43.82277
291.0,56.72231,-5.87379,43.02938
292.0,56.98294,-4.97218,43.19401
293.0,57.4427,-4.59943,44.08074
294.0,57.97076,-3.83609,44.75898
295.0,58.97721,-3.5879,44.71482
296.0,59.22413,-2.80313,45.23152
297.0,59.26888,-2.47121,46.20914
298.0,59.47015,-2.82185,47.06871
299.0,60.05638,-3.42603,47.62844
300.0,59.43469,-3.38954,48.51094
301.0,59.63772,-4.38025,48.01589
302.0,58.6621,-4.6574,48.42288
303.0,58.42396,-5.65067,48.04275
304.0,58.43272,-6.53584,48.07649
305.0,57.90005,-6.81265,47.21671
306.0,57.04851,-7.62838,47.3641
307.0,56.55075,-8.46188,47.09266
308.0,56.55662,-8.47032,46.09748
309.0,56.56069,-7.83212,45.40317
310.0,56.53539,-6.99578,44.91266
311.0,57.27296,-7.06194,45.65453
312.0,57.24886,-7.94882,45.9623
313.0,57.266,-7.81556,46.98705
314.0,57.61668,-7.03887,47.34055
315.0,57.40164,-7.83627,46.87099
316.0,56.72706,-8.10332,47.4798
317.0,57.44405,-7.38148,47.4926
318.0,56.80934,-8.06605,47.182
319.0,57.28932,-7.18806,47.19692
320.0,57.15237,-6.60916,46.17638
321.0,57.65613,-5.76927,45.98833
322.0,58.04132,-6.50194,46.46847
323.0,57.55025,-7.0003,47.09178
324.0,56.93423,-7.59461,47.70201
325.0,56.74221,-7.36795,46.80059
326.0,56.50298,-7.68144,45.88828
327.0,57.2568,-7.49143,46.59857
328.0,56.3444,-7.67083,46.31061
329.0,56.04247,-7.60858,45.12507
330.0,56.82967,-7.84664,45.70712
331.0,56.32328,-7.13004,45.17014
332.0,56.87326,-6.75257,45.93837
333.0,57.6305,-6.42952,46.50002
334.0,57.74237,-6.08927,45.51564
335.0,57.8408,-5.33845,46.10016
336.0,57.68856,-5.41294,45.07968
337.0,57.4746,-4.94425,46.04932
338.0,58.26337,-5.33496,45.78752
339.0,57.50402,-5.35955,45.17182
340.0,57.73642,-6.16154,45.71766
341.0,56.76928,-6.70535,45.93653
342.0,56.37959,-7.00457,44.87797
343.0,57.17426,-6.10263,45.33481
344.0,57.80492,-5.37818,45.66119
345.0,57.91331,-5.39441,44.64351
346.0,57.4844,-5.41498,45.53496
347.0,57.30248,-5.83553,44.69132
348.0,57.66976,-5.70163,43.86924
349.0,57.12198,-6.69135,43.44234
350.0,57.45539,-5.83409,43.71798
351.0,58.0254,-5.58999,44.4785
352.0,57.21755,-5.9426,44.89073
353.0,57.07735,-6.43992,43.96676
354.0,57.6598,-5.55891,44.41191
355.0,57.40445,-5.6116,45.41864
356.0,57.80161,-5.29045,46.37336
357.0,57.13701,-5.12237,47.10398
358.0,57.2145,-5.89493,46.52647
359.0,57.23264,-6.81465,46.22964
360.0,57.72082,-6.01224,46.6128
361.0,57.10495,-6.6554,47.04496
362.0,57.80689,-6.01548,47.28646
363.0,57.73973,-6.09823,46.24545
364.0,57.57015,-5.34315,46.75314
365.0,57.62842,-6.22406,46.42635
366.0,57.44565,-7.0089,45.87036
367.0,56.98857,-6.24429,45.29497
368.0,56.40218,-7.12789,45.10962
369.0,57.26856,-6.70883,45.45162
370.0,56.77241,-6.94102,46.38726
371.0,56.33616,-7.23541,47.16325
372.0,56.6074,-6.40042,46.48133
373.0,57.1587,-6.30018,45.66068
374.0,56.83803,-5.60917,46.39838
375.0,56.241,-5.91647,47.26753
376.0,57.10075,-6.45921,47.33967
377.0,56.55622,-7.10964,47.77643
378.0,56.74364,-6.16001,47.43507
379.0,56.97466,-7.14118,47.55793
380.0,57.19627,-6.63901,46.7609
381.0,57.62387,-5.75517,46.47169
382.0,57.19509,-5.88948,45.63346
383.0,57.38034,-6.79579,46.10084
384.0,56.82479,-6.75626,46.88803
385.0,56.75207,-6.32113,45.6416
386.0,56.7607,-6.45256,46.70171
387.0,56.24488,-7.2401,46.89186
388.0,56.61289,-6.56583,47.57799
389.0,56.79147,-7.25527,46.98122
390.0,56.27401,-7.93313,46.43965
391.0,55.47136,-7.82996,45.89348
392.0,55.6825,-8.06615,46.89162
393.0,55.70035,-8.18969,45.80188
394.0,56.15279,-7.48381,45.22254
395.0,56.80197,-6.79093,45.25966
396.0,56.78167,-6.01679,45.93914
397.0,57.00645,-7.02839,45.46852
398.0,56.16269,-7.25927,45.12537
399.0,56.2505,-7.38684,46.33619
400.0,56.21824,-7.6338,47.39538
401.0,55.49318,-8.24305,47.03272
402.0,56.10688,-7.80059,47.50496
403.0,55.34787,-8.1281,46.98755
404.0,55.79922,-7.52313,47.55957
405.0,55.71138,-8.29982,46.97356
406.0,55.64919,-7.42743,47.51978
407.0,56.31699,-6.76413,47.4987
408.0,55.6015,-7.37706,47.71156
409.0,56.37539,-7.82229,47.38216
410.0,55.50583,-8.3562,47.14316
411.0,56.09043,-7.63298,46.94638
412.0,55.78462,-7.27392,46.05587
413.0,56.24085,-6.54042,45.25696
414.0,56.33134,-5.99384,46.14039
415.0,56.50385,-6.33539,47.05509
416.0,55.60946,-6.52313,47.41877
417.0,56.48268,-6.04808,47.53826
418.0,56.44092,-6.45407,46.72611
419.0,56.75894,-6.1412,45.83899
420.0,56.10819,-5.83041,46.60802
421.0,55.67316,-6.27287,47.50173
422.0,56.25533,-5.75715,46.95539
423.0,56.83102,-5.448,46.2596
424.0,56.44302,-5.87871,47.06551
425.0,55.7069,-6.49605,47.37387
426.0,55.52089,-7.16065,46.64478
427.0,55.37742,-8.1054,46.67652
428.0,55.19271,-7.95887,45.65444
429.0,55.92769,-7.34165,45.21362
430.0,56.37486,-6.59595,45.7053
431.0,56.43333,-5.85987,46.49825
432.0,56.14671,-6.23449,47.2837
433.0,55.60126,-6.85298,47.70758
434.0,55.16303,-7.61466,47.26781
435.0,55.51736,-6.91686,47.6881
436.0,54.82563,-7.63651,47.18101
437.0,55.10102,-6.73926,47.30546
438.0,55.11734,-7.64474,46.6423
439.0,55.34439,-8.33722,46.00016
440.0,54.92941,-7.50111,46.36558
441.0,55.53473,-8.10239,46.16168
442.0,55.46934,-7.70526,45.19639
443.0,55.46514,-8.10172,46.09019
444.0,54.94838,-7.58154,45.42149
445.0,55.17677,-8.3589,46.08299
446.0,55.19816,-7.45397,46.83906
447.0,55.79576,-6.67679,47.27805
448.0,55.37252,-7.72426,47.39724
449.0,54.66379,-7.79035,46.79942
450.0,54.99004,-8.12495,45.9741
451.0,55.0827,-7.3643,45.35369
452.0,55.89472,-7.23923,44.83354
453.0,55.12549,-6.95888,45.43087
454.0,56.06088,-6.94413,45.33858
455.0,55.35131,-7.74348,45.18275
456.0,55.22195,-8.22127,46.03044
457.0,54.89815,-7.75318,46.78082
458.0,54.96964,-8.15632,45.85858
459.0,55.57819,-7.49807,45.33059
460.0,54.82453,-7.51771,46.07419
461.0,55.28433,-7.37267,45.1444
462.0,55.63067,-7.71391,46.08155
463.0,55.26723,-6.9106,45.48096
464.0,55.22054,-7.24548,46.42214
465.0,55.31875,-6.23612,46.72605
466.0,55.03367,-6.59774,45.69465
467.0,55.99873,-6.87517,45.56947
468.0,55.15045,-7.32934,45.88281
469.0,55.21246,-7.20846,47.00632
470.0,54.68852,-7.5038,46.21738
471.0,55.34967,-7.0939,45.04126
472.0,55.03407,-7.22119,46.06907
473.0,55.25577,-6.73943,46.93595
474.0,55.40617,-5.68505,47.06557
475.0,55.56429,-4.81023,46.65761
476.0,56.47266,-5.08561,46.39862
477.0,56.39968,-4.66532,45.62086
478.0,56.26694,-5.08588,46.52165
479.0,55.42326,-4.67544,46.51699
480.0,56.36994,-5.13999,46.33042
481.0,55.53748,-5.17533,46.91017
482.0,55.34336,-5.94115,46.23312
483.0,55.43693,-6.2848,47.08251
484.0,54.85246,-6.96142,46.54713
485.0,55.13994,-6.22699,47.1345
486.0,55.1261,-6.76888,46.27687
487.0,55.55426,-5.99753,46.8538
488.0,55.81954,-6.9861,46.53166
489.0,55.0502,-6.59332,46.90672
490.0,55.16797,-7.04547,46.04299
491.0,55.23151,-7.4039,45.13033
492.0,55.638,-6.78978,45.66756
493.0,55.71734,-5.93403,45.0988
494.0,55.35218,-6.7356,45.52451
495.0,55.63917,-6.82663,44.54934
496.0,56.03249,-5.9208,44.59354
497.0,55.7631,-6.50926,43.89645
498.0,56.45996,-5.6447,44.10362
499.0,55.80201,-6.29815,44.15942
500.0,56.38977,-5.14694,44.22331
501.0,55.85054,-5.94082,44.20508
502.0,56.27922,-5.48754,45.00883
503.0,56.07148,-6.21123,44.34161
504.0,55.5678,-7.05824,44.35842
505.0,56.15701,-6.24521,43.98066
506.0,56.33667,-5.53857,44.63544
507.0,55.91539,-6.27427,44.03731
508.0,56.4158,-5.5643,44.44458
509.0,55.76355,-6.25199,44.20873
510.0,56.0277,-5.57897,43.65428
511.0,56.61512,-5.17872,44.38224
512.0,56.74102,-4.51594,45.428
513.0,55.85528,-4.53669,45.80927
514.0,55.70616,-4.75015,44.71761
515.0,55.98204,-4.70709,45.61724
516.0,55.21457,-5.47826,45.59035
517.0,55.95227,-6.07479,45.75206
518.0,55.0285,-6.28953,45.60162
519.0,55.41711,-6.15047,46.43757
520.0,55.14764,-5.76357,45.61644
521.0,55.33754,-6.26285,46.41257
522.0,55.7905,-5.43026,46.01731
523.0,55.27293,-5.88515,45.39834
524.0,55.46927,-5.7504,46.33322
525.0,55.5285,-4.7241,46.47493
526.0,55.98267,-4.64041,45.66907
527.0,56.40189,-4.05996,45.03899
528.0,55.53872,-4.05934,45.44179
529.0,56.4862,-4.68803,44.57249
530.0,55.83923,-4.54118,43.84934
531.0,55.95631,-3.70131,44.47194
532.0,55.7866,-4.58667,43.99873
533.0,56.09708,-4.10775,44.91871
534.0,56.04582,-4.54299,44.03938
535.0,56.22461,-5.47887,43.81409
536.0,55.88955,-6.49755,43.8232
537.0,55.58421,-6.65712,44.83129
538.0,55.42822,-5.76736,45.25663
539.0,55.57283,-6.43106,44.57957
540.0,56.40211,-5.88388,44.62184
541.0,56.43266,-5.17905,43.99683
542.0,56.55089,-4.39725,44.65479
543.0,56.34818,-5.16711,44.12092
544.0,56.42139,-4.40354,44.83424
545.0,55.6544,-4.23825,45.563
546.0,55.45291,-5.18979,45.72263
547.0,56.4166,-5.13909,45.79713
548.0,55.51472,-4.67132,46.09825
549.0,55.66878,-4.65302,45.08711
550.0,55.36451,-5.60784,44.98247
551.0,55.43328,-6.4394,44.22034
552.0,55.76731,-5.7088,44.90203
553.0,55.28143,-6.42336,44.56147
554.0,54.88566,-6.36263,45.48131
555.0,55.50592,-5.78938,45.90717
556.0,55.46472,-5.50381,46.80366
557.0,54.99099,-5.3712,45.92625
558.0,55.49971,-6.19693,45.88177
559.0,55.57412,-5.4141,46.46368
560.0,55.00562,-6.12474,46.28854
561.0,55.07497,-6.65693,45.39984
562.0,55.55293,-5.76142,45.59903
563.0,55.51993,-5.45353,46.47428
564.0,56.14496,-5.51978,45.68667
565.0,55.84054,-6.47043,45.75256
566.0,55.93661,-5.61676,46.18299
567.0,55.73471,-5.12282,45.43002
568.0,56.08313,-6.15144,45.38993
569.0,56.3388,-5.28755,44.90854
570.0,56.82258,-5.48916,44.08683
571.0,56.19517,-6.02445,44.79347
572.0,55.40658,-5.33218,45.447
573.0,54.87934,-5.42718,46.29738
574.0,54.05698,-5.88462,45.73241
575.0,54.76617,-6.01243,45.02193
576.0,54.59966,-6.16767,45.99001
577.0,54.69434,-5.47102,46.76207
578.0,54.35809,-6.45366,46.743
579.0,54.34653,-5.62966,45.96063
580.0,54.51614,-5.56529,46.90418
581.0,54.22477,-5.99801,46.12093
582.0,54.56452,-6.15886,45.16742
583.0,54.78412,-5.27034,45.50309
584.0,55.28922,-5.18173,44.65852
585.0,54.82001,-4.30726,44.98203
586.0,55.34824,-4.50095,44.09687
587.0,54.55266,-3.98802,44.4235
588.0,55.1567,-4.71537,44.01273
589.0,54.98884,-5.65772,43.67724
590.0,55.02165,-4.55932,43.38747
591.0,54.44538,-3.93999,43.90328
592.0,54.42364,-4.84528,43.52588
593.0,55.01218,-5.45327,44.10412
594.0,54.90878,-4.79772,44.87985
595.0,54.15041,-4.19268,44.82266
596.0,54.12408,-5.03964,45.34258
597.0,54.50594,-4.85633,46.17088
598.0,53.62968,-5.21415,46.07153
599.0,52.90955,-6.0013,45.52261
600.0,53.23102,-5.53088,46.29763
601.0,54.15549,-5.26745,46.17894
602.0,54.11856,-6.15877,47.18018
603.0,54.35681,-5.37602,46.57527
604.0,53.63984,-5.94736,46.44666
605.0,54.08316,-6.80035,46.1217
606.0,53.59064,-6.74327,45.24757
607.0,54.25422,-7.31578,44.8255
608.0,53.92977,-6.63773,44.32856
609.0,53.05147,-5.83954,44.6875
610.0,53.43437,-4.94889,44.58986
611.0,53.7382,-4.18736,45.10068
612.0,53.10903,-4.66506,44.323
613.0,53.92135,-4.64729,45.44099
614.0,52.9314,-4.91369,45.57097
615.0,53.9621,-4.49157,46.05655
616.0,53.19493,-4.85406,45.46414
617.0,52.80057,-5.57969,44.89936
618.0,52.85873,-4.90086,45.46894
619.0,53.93609,-5.08149,45.71559
620.0,54.32626,-5.08991,46.63379
621.0,53.97813,-6.01728,46.83113
622.0,53.43481,-5.40228,46.25756
623.0,54.27524,-5.4974,46.7602
624.0,53.60396,-6.17455,46.97735
625.0,54.3505,-5.56118,46.97002
626.0,53.50644,-5.50181,46.53461
627.0,54.23054,-5.84188,47.11584
628.0,54.18406,-5.06608,46.58861
629.0,53.74817,-5.76317,46.20986
630.0,53.69069,-6.61872,45.6832
631.0,52.85311,-6.2195,45.89393
632.0,52.74304,-6.47597,44.96259
633.0,53.06138,-6.27618,45.86811
634.0,52.56246,-6.59972,44.95067
635.0,53.43574,-6.55326,44.58756
636.0,52.75298,-5.96672,44.91016
637.0,53.5628,-6.58009,44.61265
638.0,54.30285,-6.00271,44.1855
639.0,53.25959,-5.48336,44.35928
640.0,53.82138,-4.86068,43.7574
641.0,54.62762,-4.35461,43.84684
642.0,54.78963,-5.09824,43.14735
643.0,54.46162,-4.35538,43.82795
644.0,54.74995,-5.37796,44.00296
645.0,54.60889,-6.30799,44.30663
646.0,54.4318,-5.33478,44.6916
647.0,54.69471,-4.71627,45.373
648.0,54.69712,-5.46657,44.75212
649.0,54.65421,-6.09626,43.95186
650.0,54.30763,-6.57699,44.6677
651.0,54.46255,-5.66938,44.74033
652.0,54.58644,-6.62692,44.66744
653.0,54.07354,-5.94162,44.15643
654.0,54.52853,-6.60979,44.46998
655.0,53.88156,-5.91788,43.98521
656.0,54.61761,-6.42099,44.33556
657.0,54.27802,-5.89587,45.23561
658.0,54.34045,-6.41667,44.41792
659.0,53.8157,-5.57597,44.61751
660.0,54.55587,-5.58475,45.2634
661.0,54.38832,-4.66247,45.67522
662.0,54.23388,-5.03337,44.81278
663.0,54.34053,-4.63129,45.74292
664.0,54.39162,-4.48454,44.4783
665.0,54.48173,-4.27696,43.48085
666.0,53.79544,-4.86127,43.732
667.0,54.10906,-3.99729,44.17861
668.0,53.38869,-4.19844,44.7921
669.0,54.15304,-4.68023,45.37567
670.0,53.97433,-4.8975,44.29128
671.0,54.66839,-4.89572,44.92574
672.0,54.54549,-3.95474,44.79771
673.0,54.62834,-4.91931,44.28362
674.0,54.64065,-4.70475,45.1665
675.0,54.24992,-5.08484,44.2211
676.0,53.40107,-4.88859,44.70352
677.0,54.11587,-5.22571,44.18414
678.0,54.03409,-6.16283,44.33406
679.0,54.27941,-6.92733,44.8146
680.0,54.90593,-6.12025,44.58734
681.0,54.28393,-6.72529,44.97269
682.0,53.86812,-6.26684,45.68866
683.0,54.06503,-7.1875,45.23525
684.0,53.67844,-7.17471,46.28502
685.0,53.47911,-6.31369,46.71351
686.0,52.96304,-5.54596,46.32625
687.0,53.77549,-5.19677,46.93247
688.0,54.05069,-4.58964,46.22682
689.0,53.87318,-5.25214,46.89776
690.0,52.99095,-4.97966,46.16548
691.0,53.76285,-4.70557,45.55287
692.0,53.31825,-5.0466,44.69619
693.0,53.5868,-4.95431,45.82788
694.0,53.14518,-5.7457,46.18559
695.0,52.81594,-6.22046,45.30504
696.0,52.34512,-5.40688,44.98223
697.0,53.04218,-4.65481,45.49905
698.0,52.57138,-5.54434,45.27552
699.0,53.10258,-4.85081,44.85131
700.0,52.16791,-5.16881,44.98197
701.0,53.00743,-5.62989,45.22134
702.0,53.36335,-4.9028,45.88428
703.0,52.40102,-5.39214,45.77445
704.0,52.4127,-6.311,45.4175
705.0,52.70492,-6.06374,46.30398
706.0,52.93257,-6.9289,46.26114
707.0,53.55987,-6.62678,46.88416
708.0,53.23975,-7.34296,46.16117
709.0,53.89365,-7.44221,45.42011
710.0,53.77194,-7.36696,46.34427
711.0,53.84813,-7.45708,45.35118
712.0,53.83574,-7.64355,46.28227
713.0,53.35891,-6.76383,46.69227
714.0,54.11888,-5.93678,47.17558
715.0,53.5784,-6.55085,46.57452
716.0,53.30601,-7.49323,46.61147
717.0,53.81047,-7.0386,45.89434
718.0,53.94781,-6.79084,46.89023
719.0,53.19574,-6.71771,46.25724
720.0,53.28774,-7.57325,45.64209
721.0,54.09738,-7.36252,44.98846
722.0,53.8174,-7.66517,45.87243
723.0,53.87577,-6.93118,46.70875
724.0,53.58875,-7.19702,45.87266
725.0,53.86739,-6.86613,46.73233
726.0,53.58794,-7.65229,45.94034
727.0,53.72618,-7.38656,46.83794
728.0,54.12617,-6.99233,45.71153
729.0,53.72931,-7.73622,45.33691
730.0,53.14841,-6.95827,45.34301
731.0,54.17082,-6.76987,45.27619
732.0,54.47545,-7.05254,44.37685
733.0,53.96885,-7.61199,45.10433
734.0,53.30362,-6.89664,45.16569
735.0,53.97256,-7.09163,44.45228
736.0,54.14702,-7.07938,45.43662
737.0,53.88026,-6.75137,44.59631
738.0,52.97774,-7.00421,44.93739
739.0,53.73905,-6.32463,44.55762
740.0,54.43578,-6.01096,43.83675
741.0,53.48539,-5.7905,44.07202
742.0,53.16821,-4.87041,43.88153
743.0,52.89699,-5.73888,43.93605
744.0,53.23105,-6.59173,43.50919
745.0,52.65656,-5.53324,43.69957
746.0,53.59609,-5.20823,43.5409
747.0,52.94403,-5.92771,43.43377
748.0,53.46399,-5.94302,44.21984
749.0,52.44175,-5.98139,44.13669
750.0,53.27682,-5.73247,43.57255
751.0,53.04807,-6.6503,43.82168
752.0,52.51748,-5.88546,44.35387
753.0,52.81074,-6.97931,44.14106
754.0,52.72697,-6.30476,44.84123
755.0,53.07111,-6.07991,43.93161
756.0,53.50504,-5.35955,43.05164
757.0,54.21866,-5.79733,42.48338
758.0,54.64653,-6.56014,43.30106
759.0,55.37081,-5.7878,43.14258
760.0,54.88232,-5.25841,42.49864
761.0,55.38937,-6.06792,42.954
762.0,54.40297,-5.90544,42.51361
763.0,54.76807,-5.16094,42.00286
764.0,55.44491,-5.94527,42.46759
765.0,54.92544,-6.49202,43.29978
766.0,55.18333,-5.61626,43.30624
767.0,54.30999,-6.25038,43.18419
768.0,54.57767,-7.12975,43.35047
769.0,54.76281,-7.67665,44.22586
770.0,54.32965,-7.1765,43.31923
771.0,55.15988,-7.58673,43.39389
