Chrom,Start,End,ATAC,H3K27ac,H3K9me3,PC1,PC2
chr6,0,200000,0.335783,0.230766,0.230933,0.060218350631,-0.011230611458
chr6,200000,400000,0.335783,0.268371,0.235544,0.060218350631,-0.032357850705
chr6,400000,600000,0.260265,0.268371,0.242973,0.057227824538,-0.032357850705
chr6,600000,800000,0.26196,0.343998,0.272048,0.053120913348,-0.022733550783
chr6,800000,1000000,0.26196,0.343998,0.272048,0.052227998716,-0.022733550783
chr6,1000000,1200000,0.409418,0.387153,0.279092,0.056641967028,-0.027604885035
chr6,1200000,1400000,0.409418,0.387153,0.279092,0.056885238312,-0.027731693788
chr6,1400000,1600000,0.315821,0.329844,0.257831,0.056885238312,-0.030135309174
chr6,1600000,1800000,0.240679,0.197878,0.220558,0.03882670149,-0.022561440436
chr6,1800000,2000000,0.196988,0.208008,0.244254,0.026725461044,-0.0155853106
chr6,2000000,2200000,0.214879,0.237426,0.286777,0.029483694259,-0.0155853106
chr6,2200000,2400000,0.250472,0.261016,0.286777,0.033179431512,-0.023410099727
chr6,2400000,2600000,0.37778,0.324015,0.28191,0.050884221966,-0.024691672157
chr6,2600000,2800000,0.546519,0.671898,0.248224,0.088446765706,-0.029958305219
chr6,2800000,3000000,0.546519,0.671898,0.23849,0.088446765706,-0.039591753797
chr6,3000000,3200000,0.545766,0.409772,0.209543,0.088169658075,-0.039591753797
chr6,3200000,3400000,0.455935,0.375497,0.2545,0.085597482268,-0.02779532557
chr6,3400000,3600000,0.393976,0.375497,0.2545,0.075957218036,-0.02779532557
chr6,3600000,3800000,0.324107,0.511903,0.246687,0.072881191912,-0.028584728889
chr6,3800000,4000000,0.338796,0.511903,0.256294,0.071099482034,-0.030618469216
chr6,4000000,4200000,0.338796,0.463196,0.317389,0.060657072406,-0.027555356623
chr6,4200000,4400000,0.274954,0.463196,0.324049,0.060657072406,-0.024078608932
chr6,4400000,4600000,0.308664,0.37855,0.324049,0.055477439089,-0.024078608932
chr6,4600000,4800000,0.308664,0.37855,0.299842,0.057166059676,-0.02462044487
chr6,4800000,5000000,0.368552,0.304172,0.286137,0.057166059676,-0.032511431299
chr6,5000000,5200000,0.368552,0.304172,0.249121,0.054092106288,-0.032051860912
chr6,5200000,5400000,0.264031,0.27073,0.232598,0.046112027475,-0.032051860912
chr6,5400000,5600000,0.197176,0.211339,0.232598,0.027575596828,-0.033480314093
chr6,5600000,5800000,0.26535,0.178451,0.268205,0.022924578992,-0.036327821363
chr6,5800000,6000000,0.26535,0.161106,0.268205,0.010186404048,-0.022878254765
chr6,6000000,6200000,0.213372,0.154861,0.243869,0.000403659385,-0.022878254765
chr6,6200000,6400000,0.235971,0.154861,0.262826,0.000403659385,-0.025616557122
chr6,6400000,6600000,0.379663,0.310833,0.262826,0.042886574204,-0.034880100076
chr6,6600000,6800000,0.379663,0.45723,0.240667,0.061782307714,-0.038680966981
chr6,6800000,7000000,0.367987,0.489562,0.238618,0.063263801591,-0.033799035891
chr6,7000000,7200000,0.394729,0.489562,0.217613,0.063263801591,-0.033179317585
chr6,7200000,7400000,0.394729,0.326652,0.218637,0.062122798373,-0.033179317585
chr6,7400000,7600000,0.397177,0.502606,0.269742,0.062122798373,-0.033390707893
chr6,7600000,7800000,0.397177,0.502606,0.269742,0.054162334931,-0.036100969683
chr6,7800000,8000000,0.306405,0.308196,0.249249,0.04352377722,-0.031216367986
chr6,8000000,8200000,0.306405,0.308196,0.2732,0.024199316081,-0.02760901359
chr6,8200000,8400000,0.201131,0.196074,0.2732,0.000718945287,-0.025501780133
chr6,8400000,8600000,0.155368,0.196074,0.272944,-0.000867233658,-0.020820120891
chr6,8600000,8800000,0.159888,0.174705,0.289339,-0.001228117776,-0.020820120891
chr6,8800000,9000000,0.159888,0.174705,0.289339,0.001863255276,-0.017447901051
chr6,9000000,9200000,0.14614,0.191079,0.312138,0.00384690185,-0.017447901051
chr6,9200000,9400000,0.174577,0.250609,0.312138,0.012602227988,-0.01587316047
chr6,9400000,9600000,0.174577,0.250609,0.304068,0.012602227988,-0.012822701088
chr6,9600000,9800000,0.14953,0.224382,0.300354,0.011203882184,-0.012822701088
chr6,9800000,10000000,0.213184,0.366477,0.305221,0.024959800602,-0.016567981838
chr6,10000000,10200000,0.218457,0.366477,0.305221,0.029053379163,-0.022690383952
chr6,10200000,10400000,0.612244,0.794566,0.249761,0.050548455189,-0.022690383952
chr6,10400000,10600000,0.612244,0.794566,0.242333,0.060234238405,-0.03931236506
chr6,10600000,10800000,0.316951,0.335949,0.243485,0.060234238405,-0.027777649142
chr6,10800000,11000000,0.443317,0.606818,0.257959,0.056349871998,-0.027777649142
chr6,11000000,11200000,0.443317,1.0381,0.314699,0.084151173199,-0.032719131916
chr6,11200000,11400000,0.441057,1.0381,0.314699,0.084151173199,-0.024025059132
chr6,11400000,11600000,0.311301,0.536603,0.306886,0.051641125476,-0.021665546082
chr6,11600000,11800000,0.311301,0.448904,0.306886,0.053075874926,-0.016968167606
chr6,11800000,12000000,0.311866,0.399503,0.285368,0.053075874926,-0.016968167606
chr6,12000000,12200000,0.524673,1.54501,0.354277,0.054158309996,-0.018602481985
chr6,12200000,12400000,0.524673,1.54501,0.359912,0.054158309996,-0.019002441432
chr6,12400000,12600000,0.22034,0.737673,0.359912,0.048386940291,-0.019002441432
chr6,12600000,12800000,0.244822,0.223827,0.308551,0.026201714881,-0.026931123925
chr6,12800000,13000000,0.254239,0.172623,0.308551,0.027353944265,-0.02876597036
chr6,13000000,13200000,0.406782,0.421706,0.284087,0.060836859304,-0.030497890127
chr6,13200000,13400000,0.441057,0.494835,0.242589,0.069559657586,-0.037050185704
chr6,13400000,13600000,0.441057,0.494835,0.243613,0.069559657586,-0.031618600446
chr6,13600000,13800000,0.310548,0.313747,0.281398,0.058803482247,-0.023682591028
chr6,13800000,14000000,0.272506,0.246307,0.281398,0.051711504726,-0.023682591028
chr6,14000000,14200000,0.249719,0.29432,0.294078,0.051711504726,-0.018760987229
chr6,14200000,14400000,0.243692,0.36509,0.294846,0.055110100777,-0.012235449128
chr6,14400000,14600000,0.278909,0.543264,0.294846,0.055110100777,-0.012235449128
chr6,14600000,14800000,0.278909,0.543264,0.279348,0.054392086743,-0.01149611728
chr6,14800000,15000000,0.184747,0.242838,0.228628,0.055348951105,-0.01149611728
chr6,15000000,15200000,0.341621,0.358152,0.225426,0.062089186364,-0.016455269544
chr6,15200000,15400000,0.341621,0.358152,0.225426,0.062089186364,-0.025041159496
chr6,15400000,15600000,0.25405,0.227852,0.274609,0.049990606185,-0.025041159496
chr6,15600000,15800000,0.220905,0.196074,0.274609,0.029830612405,-0.028087667595
chr6,15800000,16000000,0.273259,0.201625,0.262698,0.025636510156,-0.030502000221
chr6,16000000,16200000,0.331452,0.253523,0.262698,0.050806778674,-0.030502000221
chr6,16200000,16400000,0.331452,0.253523,0.223248,0.050806778674,-0.025821723181
chr6,16400000,16600000,0.443317,0.575596,0.246559,0.054750078848,-0.025821723181
chr6,16600000,16800000,0.443317,0.575596,0.300226,0.054750078848,-0.027990389308
chr6,16800000,17000000,0.222977,0.20898,0.341084,0.033496952392,-0.027990389308
chr6,17000000,17200000,0.300943,0.451818,0.341084,0.053844197955,-0.028230482036
chr6,17200000,17400000,0.300943,0.451818,0.283447,0.053844197955,-0.028230482036
chr6,17400000,17600000,0.307535,0.331648,0.253476,0.058111590281,-0.028309548013
chr6,17600000,17800000,0.323542,0.572959,0.271535,0.061262666713,-0.030500087228
chr6,17800000,18000000,0.323542,0.572959,0.271535,0.061262666713,-0.035638694274
chr6,18000000,18200000,0.308288,0.273644,0.252451,0.057679648076,-0.028677264285
chr6,18200000,18400000,0.29002,0.273644,0.251939,0.025810220767,-0.028677264285
chr6,18400000,18600000,0.217892,0.184279,0.278836,0.0029838565,-0.028910032722
chr6,18600000,18800000,0.14953,0.161245,0.305605,-0.0044064845,-0.019645825914
chr6,18800000,19000000,0.166103,0.16291,0.305605,-0.0044064845,-0.019645825914
chr6,19000000,19200000,0.166103,0.186361,0.292029,0.00326055068,-0.023265068087
chr6,19200000,19400000,0.193975,0.199682,0.308295,0.007709824167,-0.020943354856
chr6,19400000,19600000,0.193975,0.221468,0.308295,0.015141092772,-0.020943354856
chr6,19600000,19800000,0.36987,0.236594,0.288058,0.015141092772,-0.024269753187
chr6,19800000,20000000,0.36987,0.236594,0.288058,0.010210851966,-0.027633861744
chr6,20000000,20200000,0.307158,0.221607,0.262698,0.020164415633,-0.042095326431
chr6,20200000,20400000,0.3823,0.32693,0.262698,0.034017869548,-0.040284168206
chr6,20400000,20600000,0.3823,0.32693,0.253604,0.034017869548,-0.029385386727
chr6,20600000,20800000,0.174389,0.289047,0.277171,0.023378523148,-0.023980932644
chr6,20800000,21000000,0.174389,0.284606,0.277171,0.017444962148,-0.023375914422
chr6,21000000,21200000,0.186818,0.242006,0.271151,0.018160658418,-0.023375914422
chr6,21200000,21400000,0.306405,0.342749,0.257959,0.018160658418,-0.026607618418
chr6,21400000,21600000,0.306405,0.469996,0.257959,0.03729418865,-0.021658728373
chr6,21600000,21800000,0.239926,0.503299,0.272304,0.039901288599,-0.021658728373
chr6,21800000,22000000,0.235971,0.503299,0.312394,0.039901288599,-0.023314076026
chr6,22000000,22200000,0.19454,0.405054,0.334936,0.027749151197,-0.020643082933
chr6,22200000,22400000,0.19454,0.369669,0.334936,0.018670106632,-0.016190744104
chr6,22400000,22600000,0.155368,0.268787,0.315212,0.012601569389,-0.016190744104
chr6,22600000,22800000,0.17533,0.363147,0.32264,0.01039739728,-0.017710014383
chr6,22800000,23000000,0.17533,0.363147,0.32264,0.009218991519,-0.020610142705
chr6,23000000,23200000,0.136912,0.190385,0.315468,-0.003792428549,-0.021828796433
chr6,23200000,23400000,0.123729,0.154584,0.34134,-0.003792428549,-0.021828796433
chr6,23400000,23600000,0.123729,0.154584,0.34134,-0.00625727226,-0.020597499465
chr6,23600000,23800000,0.119586,0.147507,0.304837,-0.00715750784,-0.020597499465
chr6,23800000,24000000,0.170057,0.177341,0.277043,5.8288239e-05,-0.025567691364
chr6,24000000,24200000,0.348213,0.414074,0.277043,0.031628718589,-0.03453168695
chr6,24200000,24400000,0.348213,0.414074,0.277043,0.055410025326,-0.03686634483
chr6,24400000,24600000,0.418835,0.493725,0.263466,0.05904217973,-0.032375648452
chr6,24600000,24800000,0.418835,0.493725,0.281013,0.05904217973,-0.030118393859
chr6,24800000,25000000,0.247082,0.419763,0.292669,0.051515391895,-0.027042690437
chr6,25000000,25200000,0.290774,0.419763,0.292669,0.062749996548,-0.024952346275
chr6,25200000,25400000,0.290774,0.351907,0.247328,0.062749996548,-0.022772417306
chr6,25400000,25600000,0.200378,0.336782,0.279092,0.048281813723,-0.021631858193
chr6,25600000,25800000,0.294163,0.469857,0.28524,0.050984777753,-0.021631858193
chr6,25800000,26000000,0.960834,1.0016,0.28524,0.065888745626,-0.025511289051
chr6,26000000,26200000,0.960834,1.0016,0.229524,0.067293202724,-0.028307820677
chr6,26200000,26400000,0.697932,0.684248,0.229012,0.077762849755,-0.018339690795
chr6,26400000,26600000,0.697932,0.496916,0.229012,0.077762849755,-0.00821417211
chr6,26600000,26800000,0.338043,0.0964414,0.192764,0.014659386265,-0.005277582908
chr6,26800000,27000000,0.505464,0.434056,0.26923,0.03369172943,-0.005277582908
chr6,27000000,27200000,0.505464,0.434056,0.338779,0.041565330268,-0.01645055351
chr6,27200000,27400000,0.458194,0.30334,0.359528,0.041565330268,-0.021905100538
chr6,27400000,27600000,0.574391,0.391594,0.359528,0.051660226607,-0.021960400675
chr6,27600000,27800000,0.590775,0.569351,0.254372,0.051660226607,-0.021960400675
chr6,27800000,28000000,0.590775,0.569351,0.357479,0.034527279814,-0.025487448957
chr6,28000000,28200000,0.379663,0.36842,0.357479,0.045818839792,-0.022406852373
chr6,28200000,28400000,0.379663,0.36842,0.329557,0.045818839792,-0.022406852373
chr6,28400000,28600000,0.473825,0.350242,0.274353,0.047360988751,-0.024258869746
chr6,28600000,28800000,0.592847,0.421567,0.250786,0.047360988751,-0.029996439073
chr6,28800000,29000000,0.592847,0.421567,0.276274,0.04552188392,-0.027197112551
chr6,29000000,29200000,0.189267,0.184002,0.276274,0.007513486957,-0.022717562435
chr6,29200000,29400000,0.138984,0.145564,0.262057,0.006384203685,-0.022717562435
chr6,29400000,29600000,0.374955,0.195658,0.230293,0.060486290367,-0.038755756926
chr6,29600000,29800000,0.374955,0.195658,0.230293,0.067640989711,-0.032274388417
chr6,29800000,30000000,0.369117,0.283219,0.227091,0.072264155155,-0.03200092556
chr6,30000000,30200000,0.407535,0.364535,0.325586,0.072264155155,-0.029795808506
chr6,30200000,30400000,0.490963,0.364535,0.325586,0.065684898228,-0.023829033082
chr6,30400000,30600000,0.840306,1.00299,0.257702,0.077128030823,-0.023470962005
chr6,30600000,30800000,0.840306,1.00299,0.233495,0.077128030823,-0.016014648354
chr6,30800000,31000000,0.573261,0.726017,0.233495,0.067135358338,-0.016014648354
chr6,31000000,31200000,0.573261,0.505381,0.203395,0.06318119162,-0.013331305252
chr6,31200000,31400000,0.550474,0.341222,0.21377,0.062145105809,-0.013331305252
chr6,31400000,31600000,0.795673,0.536187,0.21377,0.062145105809,-0.019264245909
chr6,31600000,31800000,0.831643,0.556446,0.167532,0.057514303799,-0.014920329644
chr6,31800000,32000000,0.853677,0.556446,0.150881,0.056425345657,-0.014920329644
chr6,32000000,32200000,0.853677,0.362176,0.255781,0.054343414883,-0.009156034832
chr6,32200000,32400000,0.198118,0.187055,0.255781,0.033318449356,-0.006860447504
chr6,32400000,32600000,0.169116,0.0871442,0.128467,0.020774559953,-0.006860447504
chr6,32600000,32800000,0.395859,0.26504,0.231958,0.044550922278,-0.009151719265
chr6,32800000,33000000,0.499626,0.424897,0.273457,0.044550922278,-0.014803171962
chr6,33000000,33200000,0.798874,0.54368,0.273457,0.064214692504,-0.015715218522
chr6,33200000,33400000,0.798874,0.54368,0.183543,0.064214692504,-0.01875109432
chr6,33400000,33600000,0.715446,0.663434,0.183543,0.075415763694,-0.015351005899
chr6,33600000,33800000,0.715446,0.663434,0.194045,0.075415763694,-0.013692565979
chr6,33800000,34000000,0.519965,0.255188,0.194045,0.07200435936,-0.013692565979
chr6,34000000,34200000,0.519965,0.368004,0.204292,0.056436565947,-0.00812242365
chr6,34200000,34400000,0.417893,0.368004,0.204292,0.068044208465,-0.00812242365
chr6,34400000,34600000,0.417893,0.615005,0.226322,0.068044208465,-0.007836400944
chr6,34600000,34800000,0.295482,0.615005,0.226322,0.051353566723,-0.004559488512
chr6,34800000,35000000,0.286442,0.280998,0.217869,0.054123935223,-0.004559488512
chr6,35000000,35200000,0.426933,0.280998,0.217869,0.066319347494,-0.007266508097
chr6,35200000,35400000,0.58682,0.407413,0.201858,0.069507415868,-0.011414344286
chr6,35400000,35600000,0.613939,0.939437,0.253988,0.073132205353,-0.011414344286
chr6,35600000,35800000,0.613939,0.939437,0.253988,0.073132205353,-0.006079220499
chr6,35800000,36000000,0.325237,0.289741,0.253732,0.057462684223,-0.006079220499
chr6,36000000,36200000,0.359512,0.289741,0.253732,0.072619994278,-0.008906357572
chr6,36200000,36400000,0.359512,0.502606,0.222608,0.072619994278,-0.010740457879
chr6,36400000,36600000,0.635973,0.591554,0.216332,0.077495619074,-0.010740457879
chr6,36600000,36800000,0.635973,0.591554,0.195967,0.077495619074,-0.020403840901
chr6,36800000,37000000,0.535973,0.771393,0.200834,0.07810294323,-0.023619393543
chr6,37000000,37200000,0.535973,0.771393,0.211465,0.07810294323,-0.02379203028
chr6,37200000,37400000,0.400002,0.333451,0.211465,0.0734958154,-0.029457538463
chr6,37400000,37600000,0.462526,0.30667,0.207878,0.091196740769,-0.029457538463
chr6,37600000,37800000,0.462526,0.342887,0.250786,0.091196740769,-0.015845918078
chr6,37800000,38000000,0.268363,0.342887,0.250786,0.054310245086,-0.015845918078
chr6,38000000,38200000,0.268363,0.235484,0.241692,0.052047559277,-0.019532861223
chr6,38200000,38400000,0.18437,0.241034,0.237722,0.043003725377,-0.019532861223
chr6,38400000,38600000,0.255557,0.241034,0.257574,0.043003725377,-0.021733707577
chr6,38600000,38800000,0.255557,0.22355,0.263978,0.028762277889,-0.029510760473
chr6,38800000,39000000,0.333523,0.174705,0.263978,0.029192190655,-0.029510760473
chr6,39000000,39200000,0.450661,0.283912,0.24118,0.037880667975,-0.047427704968
chr6,39200000,39400000,0.450661,0.283912,0.243998,0.037880667975,-0.028420539004
chr6,39400000,39600000,0.184747,0.159024,0.262826,-0.000687892896,-0.023215386007
chr6,39600000,39800000,0.270435,0.159024,0.262826,0.008529265109,-0.023215386007
chr6,39800000,40000000,0.270435,0.141679,0.270639,0.008529265109,-0.032489040318
chr6,40000000,40200000,0.222223,0.146535,0.270639,0.00394303628,-0.032489040318
chr6,40200000,40400000,0.324107,0.146535,0.251554,0.015610330803,-0.034368807431
chr6,40400000,40600000,0.324107,0.16402,0.249633,0.024329126712,-0.039708797047
chr6,40600000,40800000,0.299813,0.552422,0.266924,0.053505886427,-0.039585766456
chr6,40800000,41000000,0.442375,0.552422,0.266924,0.053505886427,-0.039585766456
chr6,41000000,41200000,0.442375,0.419486,0.295999,0.046820551392,-0.041057798098
chr6,41200000,41400000,0.477404,0.350658,0.295999,0.082077705175,-0.042536728555
chr6,41400000,41600000,0.709232,0.502744,0.188538,0.082880994841,-0.045281477885
chr6,41600000,41800000,0.709232,0.647198,0.221199,0.082880994841,-0.022219258547
chr6,41800000,42000000,0.429569,0.647198,0.221199,0.077847883444,-0.022219258547
chr6,42000000,42200000,0.429569,0.61667,0.211336,0.077847883444,-0.029156944285
chr6,42200000,42400000,0.344635,0.453205,0.252323,0.077199150476,-0.018945194723
chr6,42400000,42600000,0.336537,0.42351,0.252323,0.059160064712,-0.018528078431
chr6,42600000,42800000,0.4452,0.395202,0.216972,0.068303507385,-0.018528078431
chr6,42800000,43000000,0.588892,0.364118,0.179572,0.076638291107,-0.025372134839
chr6,43000000,43200000,0.588892,0.364118,0.208519,0.076638291107,-0.022831990492
chr6,43200000,43400000,0.470247,0.243254,0.208519,0.075446776497,-0.022831990492
chr6,43400000,43600000,0.517705,0.347605,0.203395,0.083465950543,-0.025731504852
chr6,43600000,43800000,0.569118,0.417543,0.203395,0.096040001003,-0.036495535394
chr6,43800000,44000000,0.679476,0.916124,0.241692,0.097265146883,-0.036495535394
chr6,44000000,44200000,0.816765,0.916124,0.241692,0.097265146883,-0.045740351879
chr6,44200000,44400000,0.816765,0.372999,0.258471,0.092347209968,-0.043582045497
chr6,44400000,44600000,0.352168,0.25047,0.258471,0.044174642526,-0.040890093945
chr6,44600000,44800000,0.287384,0.193715,0.242204,0.020548868395,-0.020830927814
chr6,44800000,45000000,0.133899,0.231182,0.259368,0.011915348843,-0.01875357213
chr6,45000000,45200000,0.193033,0.272256,0.259368,0.020258227257,-0.01875357213
chr6,45200000,45400000,0.25857,0.298066,0.269614,0.036508190864,-0.02048445904
chr6,45400000,45600000,0.26083,0.320824,0.279989,0.036508190864,-0.030503492632
chr6,45600000,45800000,0.26083,0.320824,0.279989,0.029427742959,-0.031105720041
chr6,45800000,46000000,0.253674,0.154861,0.269998,0.007747276136,-0.03478598159
chr6,46000000,46200000,0.243127,0.154861,0.258727,-0.001543861132,-0.028884451896
chr6,46200000,46400000,0.192091,0.163187,0.261033,0.000907339736,-0.024068596057
chr6,46400000,46600000,0.246706,0.193299,0.261033,0.008062748553,-0.024068596057
chr6,46600000,46800000,0.246706,0.30889,0.271407,0.029420118247,-0.02589338391
chr6,46800000,47000000,0.287195,0.339418,0.272688,0.044898934459,-0.032078458232
chr6,47000000,47200000,0.287195,0.339418,0.272688,0.044898934459,-0.037752438818
chr6,47200000,47400000,0.236724,0.347883,0.290107,0.042760454351,-0.026200670012
chr6,47400000,47600000,0.273259,0.347883,0.290107,0.037395120466,-0.026200670012
chr6,47600000,47800000,0.273259,0.344553,0.276531,0.032360516602,-0.01733238854
chr6,47800000,48000000,0.185312,0.212726,0.268974,0.002760833484,-0.017177338834
chr6,48000000,48200000,0.18437,0.212726,0.291901,0.002760833484,-0.014812816573
chr6,48200000,48400000,0.149342,0.244365,0.297792,0.009401013635,-0.014812816573
chr6,48400000,48600000,0.149342,0.244365,0.307142,0.010561676238,-0.014752483622
chr6,48600000,48800000,0.173447,0.312776,0.310985,0.012847678459,-0.014752483622
chr6,48800000,49000000,0.173447,0.312776,0.310985,0.012847678459,-0.017384596664
chr6,49000000,49200000,0.145198,0.199682,0.289467,0.004565094415,-0.016729661897
chr6,49200000,49400000,0.26083,0.313192,0.288314,0.018865764689,-0.016729661897
chr6,49400000,49600000,0.26083,0.313192,0.249505,0.018865764689,-0.022854618201
chr6,49600000,49800000,0.168927,0.187332,0.271792,0.001230899356,-0.019936944215
chr6,49800000,50000000,0.174012,0.169987,0.271792,-0.003613337538,-0.019936944215
chr6,50000000,50200000,0.174012,0.16846,0.279733,-0.007147568638,-0.019634246632
chr6,50200000,50400000,0.129003,0.152086,0.288314,-0.00678539668,-0.019634246632
chr6,50400000,50600000,0.113372,0.152086,0.288314,-0.00678539668,-0.021175658187
chr6,50600000,50800000,0.131262,0.143483,0.286649,-0.007331757718,-0.022167593246
chr6,50800000,51000000,0.131262,0.137932,0.306502,-0.005468562648,-0.019007806715
chr6,51000000,51200000,0.114313,0.137793,0.306502,-0.005468562648,-0.019007806715
chr6,51200000,51400000,0.134276,0.138348,0.290235,-0.00929611401,-0.019017874418
chr6,51400000,51600000,0.134276,0.138348,0.287674,-0.010094658911,-0.021492561529
chr6,51600000,51800000,0.171752,0.142928,0.280245,-0.005390502094,-0.022257659138
chr6,51800000,52000000,0.245199,0.161383,0.257959,-0.001185541513,-0.025881844989
chr6,52000000,52200000,0.350284,0.249638,0.257959,0.035353618817,-0.033606222387
chr6,52200000,52400000,0.573261,0.669817,0.227347,0.076121660554,-0.040310215658
chr6,52400000,52600000,0.573261,0.669817,0.237978,0.076121660554,-0.037414137412
chr6,52600000,52800000,0.293598,0.351491,0.243741,0.056464674085,-0.037414137412
chr6,52800000,53000000,0.2968,0.351491,0.243741,0.057352347849,-0.033688300348
chr6,53000000,53200000,0.407158,0.564495,0.24118,0.075123879155,-0.033688300348
chr6,53200000,53400000,0.408853,0.564495,0.280373,0.075123879155,-0.033882709372
chr6,53400000,53600000,0.408853,0.559222,0.280373,0.065207912909,-0.031755874705
chr6,53600000,53800000,0.391527,0.510238,0.272176,0.048760917919,-0.028858461939
chr6,53800000,54000000,0.21808,0.274338,0.268333,0.027789522435,-0.012632279268
chr6,54000000,54200000,0.193598,0.274338,0.279861,0.012102809341,-0.012632279268
chr6,54200000,54400000,0.159511,0.226603,0.299201,0.006361495111,-0.016574069376
chr6,54400000,54600000,0.135029,0.192328,0.299201,0.003472598719,-0.015546278569
chr6,54600000,54800000,0.135029,0.181643,0.268205,0.004238179204,-0.015546278569
chr6,54800000,55000000,0.122411,0.186777,0.2846,0.004238179204,-0.015604392388
chr6,55000000,55200000,0.122411,0.186777,0.2846,-0.00091551174,-0.013907331087
chr6,55200000,55400000,0.151978,0.21231,0.274353,0.008899940817,-0.013907331087
chr6,55400000,55600000,0.151978,0.252829,0.314315,0.015053035864,-0.017151699554
chr6,55600000,55800000,0.168739,0.308335,0.314315,0.015053035864,-0.017821946806
chr6,55800000,56000000,0.168739,0.308335,0.327892,0.013520506898,-0.018721297799
chr6,56000000,56200000,0.236159,0.270869,0.327892,0.022871629166,-0.021153485343
chr6,56200000,56400000,0.261395,0.283496,0.306118,0.036060040182,-0.023007055285
chr6,56400000,56600000,0.2968,0.595994,0.263594,0.055118190561,-0.024008871155
chr6,56600000,56800000,0.461773,0.595994,0.249633,0.057572662184,-0.029379134199
chr6,56800000,57000000,0.461773,0.51676,0.266284,0.057572662184,-0.025864487055
chr6,57000000,57200000,0.308476,0.324709,0.266284,0.050165357815,-0.025864487055
chr6,57200000,57400000,0.245764,0.289186,0.240283,0.041270731332,-0.01903079723
chr6,57400000,57600000,0.198118,0.136961,0.157414,0.013277575106,-0.013336341382
chr6,57600000,57800000,0.191715,0.0983841,0.157414,-0.002310033358,-0.013336341382
chr6,57800000,58000000,0.191715,0.0974128,0.165611,-0.002310033358,-0.01203937256
chr6,58000000,58200000,0.158005,0.109902,0.203908,-0.005872726578,-0.01203937256
chr6,58200000,58400000,0.140114,0.109902,0.203908,-0.001191375024,-0.002044220543
chr6,58400000,58600000,0.0148777,0.00790958,0.0886332,-3.1913547e-05,-4.3219672e-05
chr6,58600000,58800000,,,,3.1913724e-05,-3.4094811e-05
chr6,58800000,59000000,,,,0.000146751384,0.000125722397
chr6,59000000,59200000,,,,0.000146751384,0.000125722397
chr6,59200000,59400000,,,,7.4944578e-05,-2.2575368e-05
chr6,59400000,59600000,,,,0.0,0.0
chr6,59600000,59800000,,,,0.0,0.0
chr6,59800000,60000000,0.0,0.0,0.0,0.0,0.0
chr6,60000000,60200000,0.112618,0.0792346,0.139994,0.0,0.0
chr6,60200000,60400000,0.142939,0.0792346,0.166379,-0.005164040796,-0.006446872212
chr6,60400000,60600000,0.142939,0.0956088,0.252067,-0.008875786146,-0.006852047415
chr6,60600000,60800000,0.12034,0.0956088,0.252067,-0.010069804717,-0.00871232789
chr6,60800000,61000000,0.12034,0.0906133,0.248865,-0.010069804717,-0.007903952544
chr6,61000000,61200000,0.106592,0.0906133,0.248865,-0.00848042272,-0.006818836374
chr6,61200000,61400000,0.0363467,0.0513429,0.134999,-0.006028321527,-0.004145332902
chr6,61400000,61600000,0.0768366,0.137655,0.342749,-0.006028321527,-0.004145332902
chr6,61600000,61800000,0.0768366,0.138071,0.344799,-0.011670579989,-0.008172594883
chr6,61800000,62000000,0.0768366,0.138071,0.344799,-0.014482863072,-0.011303369744
chr6,62000000,62200000,0.0917142,0.142928,0.310729,-0.012636900781,-0.009450299887
chr6,62200000,62400000,0.0926558,0.142928,0.307783,-0.012636900781,-0.009450299887
chr6,62400000,62600000,0.107722,0.163326,0.305605,-0.013700438369,-0.007569341117
chr6,62600000,62800000,0.170434,0.171097,0.305605,-0.010701391241,-0.007569341117
chr6,62800000,63000000,0.170434,0.171097,0.263338,-0.010701391241,-0.011150053789
chr6,63000000,63200000,0.189831,0.227574,0.264107,0.012749438718,-0.010672561678
chr6,63200000,63400000,0.452545,1.11442,0.270639,0.056533648828,-0.010672561678
chr6,63400000,63600000,0.452545,1.11442,0.275378,0.056533648828,-0.017460745388
chr6,63600000,63800000,0.247836,0.285716,0.275378,0.026003098635,-0.014330128638
chr6,63800000,64000000,0.214879,0.201903,0.242204,-0.008897328804,-0.010413553363
chr6,64000000,64200000,0.13823,0.170958,0.259239,-0.012255737827,-0.008485278201
chr6,64200000,64400000,0.129003,0.173178,0.286649,-0.010640832902,-0.006786074488
chr6,64400000,64600000,0.116196,0.173178,0.28793,-0.010640832902,-0.006786074488
chr6,64600000,64800000,0.0988706,0.15833,0.299842,-0.009396928594,-0.007844515237
chr6,64800000,65000000,0.0864411,0.15833,0.308295,-0.009396928594,-0.007844515237
chr6,65000000,65200000,0.112242,0.153057,0.308295,-0.009094418111,-0.00484438834
chr6,65200000,65400000,0.112242,0.159996,0.294078,-0.007283862813,-0.00476759442
chr6,65400000,65600000,0.102637,0.172484,0.294078,-0.003745547065,-0.00476759442
chr6,65600000,65800000,0.113183,0.191912,0.298177,-0.002077385172,-0.007406285417
chr6,65800000,66000000,0.113183,0.191912,0.314315,-0.002077385172,-0.007774485772
chr6,66000000,66200000,0.103202,0.161522,0.323665,-0.011710122025,-0.006589733468
chr6,66200000,66400000,0.0856878,0.161383,0.329301,-0.010509498504,-0.006589733468
chr6,66400000,66600000,0.0856878,0.146258,0.336473,-0.010509498504,-0.008343134197
chr6,66600000,66800000,0.082298,0.149727,0.336473,-0.010356307697,-0.008358631131
chr6,66800000,67000000,0.082298,0.156804,0.329941,-0.008217616476,-0.005380330461
chr6,67000000,67200000,0.0856878,0.157082,0.334168,-0.008217616476,-0.005380330461
chr6,67200000,67400000,0.0856878,0.157082,0.359272,-0.010006820643,-0.006235792597
chr6,67400000,67600000,0.0824863,0.147923,0.359272,-0.009565052,-0.007368689427
chr6,67600000,67800000,0.0952924,0.148756,0.340828,-0.009565052,-0.007368689427
chr6,67800000,68000000,0.097364,0.149033,0.330197,-0.010581006751,-0.009460606289
chr6,68000000,68200000,0.097364,0.150976,0.325074,-0.010581006751,-0.011301310562
chr6,68200000,68400000,0.0888893,0.150976,0.325074,-0.012624341808,-0.009448331436
chr6,68400000,68600000,0.158381,0.163187,0.304068,-0.012624341808,-0.0086978674
chr6,68600000,68800000,0.158381,0.177619,0.271663,-0.008128457667,-0.0086978674
chr6,68800000,69000000,0.15518,0.214391,0.285112,-0.00293411114,-0.007310144798
chr6,69000000,69200000,0.15518,0.214391,0.285112,-0.00293411114,-0.007310144798
chr6,69200000,69400000,0.14501,0.163048,0.250017,-0.012353737588,-0.008326426728
chr6,69400000,69600000,0.209794,0.211061,0.255269,-0.005702884611,-0.010475978819
chr6,69600000,69800000,0.209794,0.211061,0.262185,-0.005702884611,-0.006917655804
chr6,69800000,70000000,0.218645,0.187194,0.262185,-0.012718672447,-0.006917655804
chr6,70000000,70200000,0.276649,0.32013,0.272176,0.010474139129,-0.012550706074
chr6,70200000,70400000,0.276649,0.332896,0.272176,0.038200175781,-0.004416001824
chr6,70400000,70600000,0.227308,0.332896,0.260392,0.038200175781,-0.004416001824
chr6,70600000,70800000,0.206969,0.230627,0.260392,0.026534979928,-0.011089246066
chr6,70800000,71000000,0.216574,0.21675,0.289211,0.002260171078,-0.006721001324
chr6,71000000,71200000,0.283617,0.444741,0.289211,0.026684474405,-0.006721001324
chr6,71200000,71400000,0.310548,0.533966,0.296511,0.026684474405,-0.010361270739
chr6,71400000,71600000,0.310548,0.533966,0.296511,0.011454241976,-0.009190856162
chr6,71600000,71800000,0.175707,0.169848,0.274866,-0.013896165568,-0.007411476844
chr6,71800000,72000000,0.157816,0.16624,0.258855,-0.012194035132,-0.006927148897
chr6,72000000,72200000,0.17533,0.176509,0.268461,-0.009522500119,-0.003510205559
chr6,72200000,72400000,0.17533,0.178868,0.268461,-0.0055128661,-0.003159643989
chr6,72400000,72600000,0.180792,0.178868,0.245663,0.006501659363,-0.003159643989
chr6,72600000,72800000,0.180792,0.227852,0.25988,0.008998482804,-0.005478462169
chr6,72800000,73000000,0.203391,0.227852,0.25988,0.009574410866,-0.001393026372
chr6,73000000,73200000,0.278533,0.254494,0.258983,0.041672125167,-0.001393026372
chr6,73200000,73400000,0.492281,0.582395,0.216332,0.078389225154,-0.007570055705
chr6,73400000,73600000,0.492281,0.582395,0.235416,0.078389225154,-0.00610402608
chr6,73600000,73800000,0.338608,0.495806,0.249505,0.050306334429,0.000886891733
chr6,73800000,74000000,0.167797,0.184141,0.259496,0.003532973461,0.000886891733
chr6,74000000,74200000,0.14614,0.174427,0.269742,-0.003057012082,-0.005510954809
chr6,74200000,74400000,0.138607,0.317632,0.312522,0.011442457845,-0.00112994385
chr6,74400000,74600000,0.151225,0.317632,0.312522,0.011442457845,-0.000105313508
chr6,74600000,74800000,0.151225,0.267399,0.296896,0.003529496214,-0.000105313508
chr6,74800000,75000000,0.148212,0.203845,0.295999,0.00079908818,-0.00280694295
chr6,75000000,75200000,0.387949,0.448071,0.265515,0.03344537169,-0.00280694295
chr6,75200000,75400000,0.387949,0.732539,0.311241,0.044882964264,-0.005028056933
chr6,75400000,75600000,0.260453,0.732539,0.311241,0.045721204048,-0.00512086565
chr6,75600000,75800000,0.260453,0.322073,0.245919,0.045721204048,-0.00452577748
chr6,75800000,76000000,0.213937,0.182753,0.253476,-0.00354552913,-0.00452577748
chr6,76000000,76200000,0.114313,0.145842,0.288698,-0.018791801513,-0.007584767956
chr6,76200000,76400000,0.096234,0.159718,0.288698,-0.0165752876,-0.006217916884
chr6,76400000,76600000,0.096234,0.159718,0.285753,-0.013379978331,-0.004693563445
chr6,76600000,76800000,0.0856878,0.134324,0.289083,-0.011852889215,-0.004018433214
chr6,76800000,77000000,0.0966107,0.150698,0.306886,-0.011028112076,-0.004018433214
chr6,77000000,77200000,0.136536,0.239647,0.338138,-0.00558392885,-0.001302601793
chr6,77200000,77400000,0.151413,0.239647,0.338138,-0.00558392885,-0.001302601793
chr6,77400000,77600000,0.151413,0.173317,0.292669,-0.012933485423,-0.009948833124
chr6,77600000,77800000,0.089266,0.134602,0.317773,-0.012933485423,-0.007472416188
chr6,77800000,78000000,0.100377,0.153751,0.319182,-0.015427550869,-0.004346920217
chr6,78000000,78200000,0.107534,0.156665,0.319182,-0.01504572495,-0.004346920217
chr6,78200000,78400000,0.133146,0.172623,0.282935,-0.013165612331,-0.006173115117
chr6,78400000,78600000,0.133146,0.174011,0.276146,-0.009894012011,-0.006173115117
chr6,78600000,78800000,0.161206,0.226325,0.279989,0.002739080897,-0.005008909669
chr6,78800000,79000000,0.219022,0.290573,0.279989,0.01152973262,-0.001574807329
chr6,79000000,79200000,0.219022,0.290573,0.268718,0.01152973262,-0.001574807329
chr6,79200000,79400000,0.267798,0.275032,0.267949,0.013573873502,-0.006299546843
chr6,79400000,79600000,0.267798,0.275032,0.256422,0.013573873502,-0.001286978473
chr6,79600000,79800000,0.242751,0.20898,0.263082,0.000161501863,-0.001286978473
chr6,79800000,80000000,0.26648,0.255743,0.263082,0.011263287206,-0.002513811696
chr6,80000000,80200000,0.26648,0.255743,0.23913,0.011263287206,-0.000457212259
chr6,80200000,80400000,0.143315,0.209257,0.262441,-0.00546952269,-0.000457212259
chr6,80400000,80600000,0.140114,0.207731,0.319694,-0.010099488908,-0.001711704611
chr6,80600000,80800000,0.101319,0.176092,0.319694,-0.013033823634,-0.003224959022
chr6,80800000,81000000,0.0789081,0.151115,0.320847,-0.013033823634,-0.002554802749
chr6,81000000,81200000,0.0762716,0.151115,0.32533,-0.013855558284,-0.002554802749
chr6,81200000,81400000,0.0983056,0.153612,0.32533,-0.011835336086,-0.002862419923
chr6,81400000,81600000,0.250095,0.265873,0.292669,-0.005442973345,-0.001534680208
chr6,81600000,81800000,0.250095,0.267261,0.290748,0.005450991293,-0.000849334311
chr6,81800000,82000000,0.233523,0.289324,0.285881,0.006820545723,0.002685701456
chr6,82000000,82200000,0.373448,0.358013,0.281782,0.020427140458,0.002685701456
chr6,82200000,82400000,0.373448,0.358013,0.272048,0.020427140458,-0.001717120867
chr6,82400000,82600000,0.144822,0.213559,0.274994,0.014682716012,6.7924087e-05
chr6,82600000,82800000,0.144822,0.190524,0.274994,0.002266570994,0.002430931736
chr6,82800000,83000000,0.271,0.267677,0.271535,0.022192368835,0.002430931736
chr6,83000000,83200000,0.271,0.267677,0.26052,0.032400955115,0.004296288063
chr6,83200000,83400000,0.268175,0.299593,0.275378,0.032400955115,0.004296288063
chr6,83400000,83600000,0.268175,0.299593,0.275378,0.017679888233,0.001393018966
chr6,83600000,83800000,0.218645,0.254217,0.269614,0.005966615942,0.001868275451
chr6,83800000,84000000,0.218645,0.254217,0.26385,0.005966615942,0.00547125921
chr6,84000000,84200000,0.19567,0.21453,0.269358,0.003648034956,0.00547125921
chr6,84200000,84400000,0.19567,0.325819,0.28255,0.005666726497,0.006287176549
chr6,84400000,84600000,0.40019,0.431558,0.28255,0.01592733101,0.006287176549
chr6,84600000,84800000,0.40019,0.431558,0.278068,0.01592733101,0.003184363253
chr6,84800000,85000000,0.190208,0.42684,0.278068,0.012975290901,0.000449172404
chr6,85000000,85200000,0.190208,0.20551,0.277939,0.004450063801,0.000449172404
chr6,85200000,85400000,0.438609,0.4403,0.292541,0.043310740713,0.005857487497
chr6,85400000,85600000,0.438609,0.4403,0.292541,0.043310740713,0.005857487497
chr6,85600000,85800000,0.435407,0.345246,0.263082,0.016493450777,0.005107945884
chr6,85800000,86000000,0.128438,0.143344,0.259752,-0.017800417794,-0.003512955456
chr6,86000000,86200000,0.108475,0.143344,0.313034,-0.017800417794,-0.004375539922
chr6,86200000,86400000,0.111488,0.136406,0.313034,-0.022439484745,-0.001276916272
chr6,86400000,86600000,0.125613,0.151392,0.286393,-0.018774092726,-0.001276916272
chr6,86600000,86800000,0.146517,0.151392,0.276659,-0.018774092726,-0.000551507915
chr6,86800000,87000000,0.270246,0.228129,0.266412,0.005603308956,0.008386688203
chr6,87000000,87200000,0.270246,0.228129,0.266412,0.019891899399,0.008386688203
chr6,87200000,87400000,0.270623,0.307364,0.250146,0.032441198959,0.007235275668
chr6,87400000,87600000,0.349719,0.59197,0.250146,0.064280783066,0.007235275668
chr6,87600000,87800000,0.349719,0.59197,0.280501,0.064280783066,0.007236959481
chr6,87800000,88000000,0.209606,0.241173,0.322,0.025294974417,0.012912645035
chr6,88000000,88200000,0.209606,0.455009,0.325971,0.01973311491,0.012912645035
chr6,88200000,88400000,0.171941,0.455009,0.325971,0.02093598421,0.009800269287
chr6,88400000,88600000,0.170811,0.232014,0.278964,0.02093598421,0.009800269287
chr6,88600000,88800000,0.170811,0.279472,0.308807,0.037582890991,0.004026980718
chr6,88800000,89000000,0.503392,0.804557,0.308807,0.078638625858,-0.000424627132
chr6,89000000,89200000,0.503392,0.804557,0.240539,0.078638625858,0.012876285988
chr6,89200000,89400000,0.307158,0.225631,0.230165,0.059531429054,0.016513794844
chr6,89400000,89600000,0.261583,0.220081,0.224913,0.063227041315,0.016513794844
chr6,89600000,89800000,0.333147,0.227435,0.224273,0.063227041315,0.01820747576
chr6,89800000,90000000,0.333147,0.227435,0.272304,0.0352782953,0.01820747576
chr6,90000000,90200000,0.301696,0.264347,0.291901,0.027138749168,0.0133843616
chr6,90200000,90400000,0.301696,0.264347,0.291901,0.027138749168,0.0133843616
chr6,90400000,90600000,0.257628,0.240202,0.256422,0.01569987005,0.01190301181
chr6,90600000,90800000,0.197364,0.162771,0.262185,-0.020206810465,0.00418086353
chr6,90800000,91000000,0.197364,0.163881,0.262185,-0.017967842448,0.00418086353
chr6,91000000,91200000,0.177779,0.163881,0.286393,-0.017967842448,0.001036220648
chr6,91200000,91400000,0.120716,0.161661,0.286393,-0.014115708588,0.000999053038
chr6,91400000,91600000,0.102072,0.161661,0.283959,-0.014115708588,0.000999053038
chr6,91600000,91800000,0.0969873,0.147229,0.329685,-0.014243149302,0.000746273582
chr6,91800000,92000000,0.105085,0.161522,0.329685,-0.014243149302,0.000228892315
chr6,92000000,92200000,0.105085,0.169432,0.327123,-0.01384838011,0.000228892315
chr6,92200000,92400000,0.0913376,0.169432,0.346464,-0.01384838011,0.000143256152
chr6,92400000,92600000,0.0821096,0.159441,0.346464,-0.015229948027,0.000645901684
chr6,92600000,92800000,0.0821096,0.152225,0.344286,-0.015781959602,0.000645901684
chr6,92800000,93000000,0.0907726,0.156804,0.30996,-0.011788514429,0.001413148814
chr6,93000000,93200000,0.128061,0.168599,0.29728,-0.011167059751,0.00275071814
chr6,93200000,93400000,0.180415,0.174982,0.294718,-0.009473378795,0.00275071814
chr6,93400000,93600000,0.180415,0.191634,0.294718,-0.009473378795,0.004823609697
chr6,93600000,93800000,0.112807,0.191634,0.293438,-0.010856342489,0.004823609697
chr6,93800000,94000000,0.104332,0.169015,0.313803,-0.012092342208,0.002809075867
chr6,94000000,94200000,0.104332,0.159996,0.313803,-0.013229079789,0.001602551354
chr6,94200000,94400000,0.096234,0.156943,0.282935,-0.014521119291,0.00479967306
chr6,94400000,94600000,0.105462,0.157359,0.311113,-0.014485263738,0.00479967306
chr6,94600000,94800000,0.105462,0.157359,0.311113,-0.012576487472,0.002794335313
chr6,94800000,95000000,0.0866294,0.153474,0.307399,-0.009599292783,0.002234985859
chr6,95000000,95200000,0.135406,0.171097,0.263082,-0.009599292783,0.005827402174
chr6,95200000,95400000,0.175142,0.199821,0.263722,-0.012658001678,0.011207658597
chr6,95400000,95600000,0.175142,0.199821,0.266412,-0.012658001678,0.011207658597
chr6,95600000,95800000,0.117891,0.170125,0.282807,-0.016301979578,0.005336265727
chr6,95800000,96000000,0.154803,0.160967,0.282807,-0.017201829261,0.004977670975
chr6,96000000,96200000,0.154803,0.160967,0.276146,-0.016994387071,0.006906326754
chr6,96200000,96400000,0.200001,0.200792,0.276146,-0.014541654291,0.014458853778
chr6,96400000,96600000,0.200001,0.200792,0.26654,-0.014541654291,0.014458853778
chr6,96600000,96800000,0.271564,0.180117,0.237337,-0.004739794317,0.024591041663
chr6,96800000,97000000,0.271564,0.180117,0.237722,-0.004739794317,0.024591041663
chr6,97000000,97200000,0.248401,0.213836,0.249121,0.000887320898,0.021411007476
chr6,97200000,97400000,0.19567,0.213836,0.259624,0.000887320898,0.016945816413
chr6,97400000,97600000,0.170622,0.177758,0.263338,-0.013469067613,0.013120566117
chr6,97600000,97800000,0.163654,0.164436,0.263338,-0.010587262796,0.013120566117
chr6,97800000,98000000,0.163654,0.164436,0.266796,-0.010587262796,0.012940062101
chr6,98000000,98200000,0.133334,0.159857,0.266796,-0.014848568988,0.012940062101
chr6,98200000,98400000,0.160076,0.159857,0.252835,-0.01587261129,0.012253602303
chr6,98400000,98600000,0.18776,0.158747,0.252835,-0.01762818624,0.01435478441
chr6,98600000,98800000,0.36196,0.227713,0.257959,0.002153495827,0.029764437769
chr6,98800000,99000000,0.36196,0.227713,0.257959,0.002153495827,0.029764437769
chr6,99000000,99200000,0.311489,0.198572,0.252835,0.007541518123,0.046241858971
chr6,99200000,99400000,0.365727,0.352462,0.240283,0.032930671219,0.046241858971
chr6,99400000,99600000,0.365727,0.352462,0.256422,0.032930671219,0.03899472053
chr6,99600000,99800000,0.248024,0.174705,0.256422,-0.007251199146,0.021298802145
chr6,99800000,100000000,0.213372,0.203568,0.274994,0.004102100031,0.024438455305
chr6,100000000,100200000,0.220152,0.389374,0.293822,0.032185057362,0.038946825942
chr6,100200000,100400000,0.220152,0.389374,0.293822,0.032185057362,0.038946825942
chr6,100400000,100600000,0.207157,0.261988,0.269102,0.019673263265,0.026307657705
chr6,100600000,100800000,0.186442,0.261988,0.302147,0.008684019831,0.029265075959
chr6,100800000,101000000,0.186442,0.225215,0.302147,0.004493135944,0.029265075959
chr6,101000000,101200000,0.177214,0.19996,0.29126,-0.007967574636,0.019538578417
chr6,101200000,101400000,0.177214,0.197046,0.280757,-0.00762165882,0.018609101387
chr6,101400000,101600000,0.169492,0.200931,0.276787,-0.005620080892,0.015775628306
chr6,101600000,101800000,0.135406,0.263792,0.298177,-0.005620080892,0.014975906426
chr6,101800000,102000000,0.129191,0.263792,0.302788,-0.006255400545,0.010442848975
chr6,102000000,102200000,0.0932208,0.177202,0.302788,-0.009359289811,0.012859607687
chr6,102200000,102400000,0.0917142,0.179145,0.320719,-0.011309384262,0.012859607687
chr6,102400000,102600000,0.0988706,0.179145,0.320719,-0.011816399177,0.012172434149
chr6,102600000,102800000,0.107534,0.171652,0.297792,-0.012078682339,0.012172434149
chr6,102800000,103000000,0.115255,0.171652,0.303812,-0.015278632651,0.01049468928
chr6,103000000,103200000,0.115255,0.167628,0.308679,-0.014994525562,0.011305659965
chr6,103200000,103400000,0.10791,0.167628,0.308679,-0.014669033312,0.011305659965
chr6,103400000,103600000,0.10791,0.15389,0.298945,-0.014669033312,0.009830120231
chr6,103600000,103800000,0.103767,0.161245,0.295487,-0.015678073587,0.013857881572
chr6,103800000,104000000,0.116196,0.161245,0.295487,-0.016183888886,0.016706494085
chr6,104000000,104200000,0.165349,0.159857,0.266284,-0.018334996595,0.019863912684
chr6,104200000,104400000,0.211489,0.173872,0.258599,-0.017201580635,0.023826850647
chr6,104400000,104600000,0.211489,0.173872,0.258599,-0.001448467578,0.032722048481
chr6,104600000,104800000,0.185123,0.222162,0.248865,0.02306195735,0.038231224543
chr6,104800000,105000000,0.231263,0.348854,0.248865,0.037090045955,0.038231224543
chr6,105000000,105200000,0.231263,0.348854,0.235544,0.043859957467,0.040345395293
chr6,105200000,105400000,0.24953,0.609593,0.353893,0.055807345885,0.040345395293
chr6,105400000,105600000,0.24953,0.677727,0.385401,0.059130727413,0.036388001289
chr6,105600000,105800000,0.231263,0.677727,0.385401,0.059130727413,0.029420644749
chr6,105800000,106000000,0.266291,0.435999,0.312138,0.060377128586,0.030765692876
chr6,106000000,106200000,0.266291,0.432529,0.280757,0.060377128586,0.030765692876
chr6,106200000,106400000,0.243692,0.341361,0.280757,0.053662877952,0.027788769059
chr6,106400000,106600000,0.262337,0.753908,0.304196,0.066847509261,0.027788769059
chr6,106600000,106800000,0.262337,0.753908,0.304196,0.066847509261,0.021590799851
chr6,106800000,107000000,0.266668,0.429338,0.286137,0.060908204699,0.028274830886
chr6,107000000,107200000,0.266668,0.27295,0.249249,0.060908204699,0.028274830886
chr6,107200000,107400000,0.26196,0.27295,0.264107,0.054726225511,0.031851481773
chr6,107400000,107600000,0.278156,0.246862,0.264107,0.054726225511,0.035246354579
chr6,107600000,107800000,0.278156,0.255049,0.253732,0.054234813711,0.035246354579
chr6,107800000,108000000,0.314126,0.255049,0.253732,0.058976836808,0.027704955067
chr6,108000000,108200000,0.314126,0.292655,0.244126,0.066083585503,0.027704955067
chr6,108200000,108400000,0.353109,0.469163,0.246559,0.066083585503,0.025582203735
chr6,108400000,108600000,0.353109,0.469163,0.249249,0.06558017459,0.032720985989
chr6,108600000,108800000,0.308664,0.320824,0.249249,0.06558017459,0.032720985989
chr6,108800000,109000000,0.282111,0.310555,0.262057,0.049629107881,0.025445454592
chr6,109000000,109200000,0.287572,0.310555,0.262057,0.056522635855,0.027759142927
chr6,109200000,109400000,0.376461,0.293626,0.260392,0.056522635855,0.030419955809
chr6,109400000,109600000,0.376461,0.277391,0.260392,0.041812525995,0.030419955809
chr6,109600000,109800000,0.203768,0.213836,0.252963,0.022708647854,0.031840722789
chr6,109800000,110000000,0.256122,0.240757,0.261673,0.021899877639,0.033177807184
chr6,110000000,110200000,0.256122,0.240757,0.267052,0.024113059643,0.033381350611
chr6,110200000,110400000,0.251979,0.225076,0.298945,0.040323774556,0.040574207939
chr6,110400000,110600000,0.251979,0.313608,0.298945,0.049219984841,0.040574207939
chr6,110600000,110800000,0.375143,0.481513,0.256037,0.071893290093,0.032460105065
chr6,110800000,111000000,0.375143,0.481513,0.247584,0.071893290093,0.038166458111
chr6,111000000,111200000,0.254804,0.340112,0.250146,0.042626673223,0.038166458111
chr6,111200000,111400000,0.357629,0.455842,0.258599,0.058312367114,0.040132359633
chr6,111400000,111600000,0.357629,0.455842,0.258599,0.058312367114,0.048367222352
chr6,111600000,111800000,0.318081,0.343026,0.244638,0.043307943005,0.049505265789
chr6,111800000,112000000,0.29567,0.240063,0.244638,0.022692002844,0.050132308034
chr6,112000000,112200000,0.29567,0.333868,0.26052,0.020317469194,0.050132308034
chr6,112200000,112400000,0.242751,0.333868,0.287418,0.011160094572,0.035399513663
chr6,112400000,112600000,0.144257,0.197878,0.287418,-0.004023178339,0.02539143113
chr6,112600000,112800000,0.138419,0.197878,0.286905,-0.003653498176,0.02539143113
chr6,112800000,113000000,0.129756,0.244087,0.296768,0.004855963715,0.022285860583
chr6,113000000,113200000,0.173447,0.28419,0.296768,0.020248000758,0.037495218981
chr6,113200000,113400000,0.188702,0.326236,0.280885,0.026402147241,0.03901382394
chr6,113400000,113600000,0.214502,0.356209,0.274994,0.033829963552,0.042844904005
chr6,113600000,113800000,0.381546,0.400058,0.264747,0.033829963552,0.042844904005
chr6,113800000,114000000,0.381546,0.400058,0.264747,0.018259374151,0.03521482697
chr6,114000000,114200000,0.204897,0.163187,0.252195,-0.016261099195,0.033701196573
chr6,114200000,114400000,0.198871,0.157498,0.252835,-0.016261099195,0.025417136447
chr6,114400000,114600000,0.144069,0.155139,0.259239,-0.017821753937,0.022099359519
chr6,114600000,114800000,0.117515,0.155139,0.267821,-0.016044682136,0.019063224792
chr6,114800000,115000000,0.116761,0.152919,0.268205,-0.014066073214,0.018252342532
chr6,115000000,115200000,0.105085,0.152919,0.268205,-0.014066073214,0.019496083591
chr6,115200000,115400000,0.124483,0.158886,0.263722,-0.017174703853,0.019496083591
chr6,115400000,115600000,0.167232,0.168599,0.263722,-0.01761854754,0.022327904752
chr6,115600000,115800000,0.202261,0.191773,0.257062,-0.00871074279,0.033793019459
chr6,115800000,116000000,0.32938,0.453067,0.273841,0.030994561066,0.053665257574
chr6,116000000,116200000,0.343881,0.453067,0.273841,0.031539677075,0.053665257574
chr6,116200000,116400000,0.343881,0.350103,0.247584,0.031539677075,0.049916618457
chr6,116400000,116600000,0.28776,0.27628,0.247584,0.026462602911,0.049298882653
chr6,116600000,116800000,0.28776,0.249638,0.268461,0.014766480541,0.04526156962
chr6,116800000,117000000,0.221282,0.180255,0.268461,-0.014137566399,0.02232899581
chr6,117000000,117200000,0.259135,0.304588,0.307783,-0.005022094915,0.041038934707
chr6,117200000,117400000,0.440115,1.08958,0.324946,0.045696040954,0.062722626466
chr6,117400000,117600000,0.440115,1.08958,0.324946,0.045696040954,0.062722626466
chr6,117600000,117800000,0.263467,0.247279,0.287802,-0.006125106156,0.037433856613
chr6,117800000,118000000,0.213184,0.167766,0.267821,-0.017416789439,0.029055007834
chr6,118000000,118200000,0.204332,0.170958,0.254628,-0.018761038206,0.030249794935
chr6,118200000,118400000,0.204332,0.201486,0.288058,-0.004943433131,0.034784076428
chr6,118400000,118600000,0.316762,0.27295,0.288058,0.021196277766,0.075555965284
chr6,118600000,118800000,0.33842,0.27295,0.241692,0.021196277766,0.075555965284
chr6,118800000,119000000,0.33842,0.262265,0.271535,0.010034406827,0.068584913908
chr6,119000000,119200000,0.238796,0.172484,0.271535,-0.009096056965,0.045093466677
chr6,119200000,119400000,0.209606,0.171652,0.264235,-0.009096056965,0.033850006116
chr6,119400000,119600000,0.14388,0.159302,0.271535,-0.01545256739,0.026340979448
chr6,119600000,119800000,0.159699,0.165824,0.290876,-0.013668661002,0.026076620273
chr6,119800000,120000000,0.159699,0.176647,0.303812,-0.013246526133,0.026076620273
chr6,120000000,120200000,0.0983056,0.177341,0.312394,-0.012823344449,0.022571100129
chr6,120200000,120400000,0.0888893,0.177341,0.312394,-0.012823344449,0.022571100129
chr6,120400000,120600000,0.101884,0.151531,0.297152,-0.014079382337,0.019321296451
chr6,120600000,120800000,0.144445,0.157359,0.267693,-0.014218126754,0.023168568521
chr6,120800000,121000000,0.144445,0.184557,0.247712,-0.009619990525,0.030588523932
chr6,121000000,121200000,0.178344,0.217305,0.244126,-0.001088014441,0.041977809625
chr6,121200000,121400000,0.262713,0.447794,0.246303,0.027849132677,0.066071215351
chr6,121400000,121600000,0.262713,0.447794,0.280117,0.027849132677,0.066071215351
chr6,121600000,121800000,0.182298,0.348022,0.286649,0.024043963627,0.058762668744
chr6,121800000,122000000,0.179474,0.248389,0.286649,0.003189860045,0.044641799828
chr6,122000000,122200000,0.199248,0.200099,0.262057,-0.011135737786,0.027462517368
chr6,122200000,122400000,0.230886,0.225076,0.26654,-0.001645423812,0.04948453866
chr6,122400000,122600000,0.230886,0.225076,0.26654,-0.001645423812,0.04948453866
chr6,122600000,122800000,0.246894,0.221468,0.237209,-0.009372816272,0.043712979168
chr6,122800000,123000000,0.246894,0.313331,0.293181,-0.008023484298,0.043712979168
chr6,123000000,123200000,0.201884,0.313331,0.293181,-0.008023484298,0.035313331875
chr6,123200000,123400000,0.154238,0.195103,0.270639,-0.008199337537,0.033852873656
chr6,123400000,123600000,0.158193,0.195103,0.267052,-0.011239967932,0.033852873656
chr6,123600000,123800000,0.18663,0.168183,0.267052,-0.01292641233,0.032377822499
chr6,123800000,124000000,0.18663,0.168183,0.245663,-0.01292641233,0.029443479192
chr6,124000000,124200000,0.161018,0.162077,0.260264,-0.015031566447,0.026159355629
chr6,124200000,124400000,0.200001,0.172762,0.260264,-0.014322024288,0.028066581127
chr6,124400000,124600000,0.200001,0.176647,0.262441,-0.014322024288,0.030136519982
chr6,124600000,124800000,0.273071,0.364951,0.263082,0.013035331112,0.056316203651
chr6,124800000,125000000,0.299248,0.538129,0.278196,0.028422406338,0.067384113714
chr6,125000000,125200000,0.299248,0.538129,0.278196,0.028422406338,0.067384113714
chr6,125200000,125400000,0.280416,0.399087,0.282294,0.015855114149,0.057040871031
chr6,125400000,125600000,0.39906,0.319853,0.282294,0.001404084821,0.044720684235
chr6,125600000,125800000,0.431264,0.84133,0.272176,0.050414152094,0.072045401984
chr6,125800000,126000000,0.431264,0.84133,0.278836,0.050414152094,0.072045401984
chr6,126000000,126200000,0.214125,0.332896,0.283319,0.016965028792,0.044902417777
chr6,126200000,126400000,0.170434,0.218416,0.283319,0.003626393166,0.035062269685
chr6,126400000,126600000,0.140302,0.193993,0.284856,0.004875138529,0.03034642334
chr6,126600000,126800000,0.163278,0.21231,0.284856,0.007181288593,0.03395649575
chr6,126800000,127000000,0.163278,0.237843,0.283959,0.021646808454,0.051397663864
chr6,127000000,127200000,0.294917,0.550479,0.283959,0.031765899491,0.051397663864
chr6,127200000,127400000,0.276838,0.301952,0.273969,0.031765899491,0.05659026996
chr6,127400000,127600000,0.269305,0.26171,0.255781,0.02278964854,0.05659026996
chr6,127600000,127800000,0.184747,0.200237,0.285881,-0.005064682365,0.034381760377
chr6,127800000,128000000,0.184747,0.242699,0.285881,0.011778120817,0.039332967168
chr6,128000000,128200000,0.160641,0.254911,0.268205,0.0137197593,0.039332967168
chr6,128200000,128400000,0.349343,0.481236,0.274866,0.016393955137,0.045365503804
chr6,128400000,128600000,0.349343,0.481236,0.280501,0.016393955137,0.045365503804
chr6,128600000,128800000,0.160264,0.205927,0.280501,-0.002534887344,0.036292266103
chr6,128800000,129000000,0.165349,0.176509,0.259624,-0.008942739053,0.02281484357
chr6,129000000,129200000,0.197176,0.185251,0.24848,-0.008942739053,0.031696328721
chr6,129200000,129400000,0.219587,0.257686,0.252707,-0.000258214869,0.042734781442
chr6,129400000,129600000,0.306593,0.513845,0.257702,0.027057454032,0.070564171837
chr6,129600000,129800000,0.306593,0.513845,0.257702,0.027057454032,0.070564171837
chr6,129800000,130000000,0.243316,0.209118,0.249249,-0.002727569915,0.058776235864
chr6,130000000,130200000,0.243316,0.209118,0.268205,-0.003402133527,0.058776235864
chr6,130200000,130400000,0.21582,0.16513,0.268205,-0.01210408964,0.044496837236
chr6,130400000,130600000,0.200943,0.170819,0.271535,-0.014744236207,0.041457584658
chr6,130600000,130800000,0.21243,0.272673,0.271535,0.020167970332,0.058940631896
chr6,130800000,131000000,0.286819,0.347883,0.295487,0.025895543545,0.063252146224
chr6,131000000,131200000,0.286819,0.347883,0.295487,0.025895543545,0.063252146224
chr6,131200000,131400000,0.206781,0.200099,0.266284,0.005517832273,0.050887737837
chr6,131400000,131600000,0.251225,0.20218,0.266284,0.016302072665,0.054039421795
chr6,131600000,131800000,0.313184,0.337476,0.274097,0.028941331847,0.054039421795
chr6,131800000,132000000,0.313184,0.337476,0.310473,0.028941331847,0.046364711594
chr6,132000000,132200000,0.179285,0.303201,0.310473,0.025881553931,0.043394247267
chr6,132200000,132400000,0.262525,0.242422,0.295999,0.027695177244,0.046675493999
chr6,132400000,132600000,0.262525,0.242422,0.289851,0.027732677149,0.05009008973
chr6,132600000,132800000,0.261207,0.267399,0.265259,0.03029933396,0.05009008973
chr6,132800000,133000000,0.261207,0.267399,0.260904,0.03029933396,0.041413654277
chr6,133000000,133200000,0.267798,0.460282,0.2732,0.040532701224,0.031310855445
chr6,133200000,133400000,0.267798,0.536742,0.32136,0.040532701224,0.03066159025
chr6,133400000,133600000,0.232393,0.621388,0.398593,0.047139012564,0.036020132405
chr6,133600000,133800000,0.209041,0.621388,0.398593,0.047139012564,0.036020132405
chr6,133800000,134000000,0.289455,0.338169,0.26052,0.045205172634,0.031098171253
chr6,134000000,134200000,0.289455,0.390067,0.26052,0.059077229645,0.028686078751
chr6,134200000,134400000,0.273636,0.77958,0.310473,0.059077229645,0.02337392182
chr6,134400000,134600000,0.273636,0.77958,0.310473,0.060022533256,0.023897631215
chr6,134600000,134800000,0.235971,0.677171,0.304068,0.060022533256,0.023897631215
chr6,134800000,135000000,0.246329,0.526751,0.27192,0.051228264856,0.032026718388
chr6,135000000,135200000,0.246329,0.260878,0.267821,0.0446871511,0.032026718388
chr6,135200000,135400000,0.192656,0.309168,0.308295,0.043507113185,0.030831065432
chr6,135400000,135600000,0.192656,0.309168,0.328276,0.036953621549,0.02394013101
chr6,135600000,135800000,0.240491,0.519674,0.328276,0.04885348029,0.02394013101
chr6,135800000,136000000,0.240491,0.519674,0.301635,0.050421067046,0.028372178972
chr6,136000000,136200000,0.40358,0.370502,0.267693,0.050421067046,0.029280068587
chr6,136200000,136400000,0.415256,0.905439,0.264875,0.058772463776,0.035791495065
chr6,136400000,136600000,0.415256,0.905439,0.264107,0.058772463776,0.038926839106
chr6,136600000,136800000,0.289644,0.28308,0.254628,0.050187625046,0.038926839106
chr6,136800000,137000000,0.232581,0.383962,0.35876,0.040617504617,0.03987956004
chr6,137000000,137200000,0.265726,0.693407,0.35876,0.039741508575,0.041290822515
chr6,137200000,137400000,0.265726,0.693407,0.313803,0.039741508575,0.04224373775
chr6,137400000,137600000,0.219963,0.456397,0.302531,0.040078268619,0.042351203341
chr6,137600000,137800000,0.261772,0.456397,0.296896,0.040078268619,0.042951258963
chr6,137800000,138000000,0.261772,0.375636,0.287546,0.038890639839,0.045840180407
chr6,138000000,138200000,0.213937,0.240618,0.22248,0.030770088051,0.047271919911
chr6,138200000,138400000,0.308853,0.344275,0.228243,0.040370920081,0.050948808487
chr6,138400000,138600000,0.308853,0.344275,0.228243,0.040370920081,0.050948808487
chr6,138600000,138800000,0.253674,0.253384,0.241436,0.031242241156,0.050814114829
chr6,138800000,139000000,0.264408,0.247695,0.241436,0.025103005789,0.045885219275
chr6,139000000,139200000,0.277968,0.266428,0.25322,0.024349306675,0.045885219275
chr6,139200000,139400000,0.277968,0.38077,0.25322,0.029055158214,0.037122399486
chr6,139400000,139600000,0.229191,0.411992,0.302531,0.029055158214,0.037122399486
chr6,139600000,139800000,0.196988,0.411992,0.302531,0.024503563582,0.032494618751
chr6,139800000,140000000,0.170434,0.358707,0.343774,0.013418872558,0.027746823028
chr6,140000000,140200000,0.14953,0.358707,0.343774,0.012544821286,0.021461393292
chr6,140200000,140400000,0.127684,0.407552,0.379765,0.011095567019,0.02340642507
chr6,140400000,140600000,0.127684,0.407552,0.379765,0.010860463495,0.025671403545
chr6,140600000,140800000,0.14501,0.397422,0.335961,0.009209721595,0.025671403545
chr6,140800000,141000000,0.14501,0.397422,0.329813,0.009209721595,0.028904043515
chr6,141000000,141200000,0.146517,0.302784,0.301507,0.008082882378,0.028904043515
chr6,141200000,141400000,0.148777,0.302784,0.324049,0.009218811963,0.030121575449
chr6,141400000,141600000,0.148965,0.287798,0.324049,0.009218811963,0.031743376867
chr6,141600000,141800000,0.148965,0.193577,0.279605,-0.002704205375,0.031743376867
chr6,141800000,142000000,0.207346,0.284745,0.284344,0.007349354233,0.039007931182
chr6,142000000,142200000,0.401509,1.18852,0.319438,0.04201780095,0.046847404778
chr6,142200000,142400000,0.401509,1.18852,0.323281,0.04201780095,0.047838206408
chr6,142400000,142600000,0.326932,0.254633,0.323281,0.019105052395,0.047838206408
chr6,142600000,142800000,0.439927,0.443076,0.286265,0.031105394519,0.051526780602
chr6,142800000,143000000,0.439927,0.443076,0.280117,0.031105394519,0.051526780602
chr6,143000000,143200000,0.183428,0.211755,0.267565,0.020058473725,0.051274407557
chr6,143200000,143400000,0.365162,0.317355,0.267565,0.027395467215,0.056049347264
chr6,143400000,143600000,0.365162,0.317355,0.26923,0.032579179667,0.062521680871
chr6,143600000,143800000,0.2226,0.314579,0.304068,0.032579179667,0.0627545888
chr6,143800000,144000000,0.318646,0.247279,0.304068,0.028564900511,0.0627545888
chr6,144000000,144200000,0.426933,0.490256,0.293566,0.049131002504,0.070468764098
chr6,144200000,144400000,0.426933,0.490256,0.293566,0.049131002504,0.070468764098
chr6,144400000,144600000,0.187948,0.239647,0.274097,0.023383802671,0.054627560932
chr6,144600000,144800000,0.205651,0.238953,0.274097,0.009153954798,0.055517418061
chr6,144800000,145000000,0.211112,0.234373,0.2732,0.00851197576,0.055517418061
chr6,145000000,145200000,0.211489,0.204123,0.272432,-0.000454915958,0.046052630305
chr6,145200000,145400000,0.211489,0.197046,0.286009,-0.010801278953,0.045347158201
chr6,145400000,145600000,0.251414,0.253801,0.286009,-0.002263175636,0.054697880465
chr6,145600000,145800000,0.308853,0.296124,0.276915,-0.002263175636,0.054697880465
chr6,145800000,146000000,0.308853,0.296124,0.268718,-0.002558909977,0.05398311893
chr6,146000000,146200000,0.198871,0.193438,0.263978,-0.014861443418,0.040474720178
chr6,146200000,146400000,0.265538,0.202735,0.263978,-0.010739099171,0.040474720178
chr6,146400000,146600000,0.265538,0.202735,0.280885,-0.010739099171,0.040398824365
chr6,146600000,146800000,0.306593,0.571433,0.314059,0.014295131709,0.056744989932
chr6,146800000,147000000,0.306593,0.571433,0.314059,0.025619366319,0.056744989932
chr6,147000000,147200000,0.325049,0.541321,0.309832,0.025619366319,0.049805490911
chr6,147200000,147400000,0.325049,0.374942,0.299201,0.012822115086,0.051801175009
chr6,147400000,147600000,0.298683,0.207176,0.280757,-0.001255385693,0.051801175009
chr6,147600000,147800000,0.187572,0.183586,0.261673,-0.007443080069,0.043373368396
chr6,147800000,148000000,0.225425,0.221885,0.269998,-0.002396121561,0.057549538245
chr6,148000000,148200000,0.287384,0.246724,0.269998,0.024826194983,0.068206774328
chr6,148200000,148400000,0.311301,0.247972,0.225682,0.024826194983,0.073349511677
chr6,148400000,148600000,0.311301,0.247972,0.308679,0.022874410012,0.073349511677
chr6,148600000,148800000,0.235406,0.210784,0.308679,0.020538100829,0.061380690131
chr6,148800000,149000000,0.318081,0.579204,0.306886,0.041586611053,0.061380690131
chr6,149000000,149200000,0.318081,0.579204,0.306886,0.047446617984,0.051602817422
chr6,149200000,149400000,0.371377,0.400197,0.291388,0.050679565459,0.053985255756
chr6,149400000,149600000,0.371377,0.317494,0.215819,0.060056832235,0.053985255756
chr6,149600000,149800000,0.581359,0.56949,0.230933,0.072488021866,0.062105657432
chr6,149800000,150000000,0.581359,0.56949,0.243485,0.072488021866,0.070471442873
chr6,150000000,150200000,0.445953,0.263792,0.270895,0.051909683857,0.070471442873
chr6,150200000,150400000,0.280039,0.263792,0.274225,0.04410490174,0.065219326506
chr6,150400000,150600000,0.269493,0.194271,0.274225,0.029573028694,0.060597570132
chr6,150600000,150800000,0.372883,0.427811,0.247968,0.048400797082,0.059393986622
chr6,150800000,151000000,0.395106,0.905439,0.268461,0.065001659739,0.059602013827
chr6,151000000,151200000,0.48908,0.905439,0.268461,0.065001659739,0.059602013827
chr6,151200000,151400000,0.48908,0.481513,0.270383,0.061998483076,0.067714477103
chr6,151400000,151600000,0.291339,0.246862,0.285112,0.018108711743,0.067714477103
chr6,151600000,151800000,0.22486,0.192605,0.285112,-0.001633697211,0.057934490849
chr6,151800000,152000000,0.214314,0.202874,0.278708,0.002446254216,0.05713738484
chr6,152000000,152200000,0.326367,0.289324,0.253476,0.023748505674,0.063463711499
chr6,152200000,152400000,0.326367,0.289324,0.272688,0.023748505674,0.063463711499
chr6,152400000,152600000,0.262713,0.262126,0.272688,0.00896698751,0.056044379134
chr6,152600000,152800000,0.320341,0.243948,0.282935,-0.001537801799,0.049713511814
chr6,152800000,153000000,0.350284,0.452373,0.282935,0.00944420396,0.062028251633
chr6,153000000,153200000,0.350284,0.452373,0.275378,0.00944420396,0.062028251633
chr6,153200000,153400000,0.174012,0.202041,0.25322,-0.008215781159,0.044397485941
chr6,153400000,153600000,0.151978,0.173872,0.25117,-0.013539070237,0.031857133664
chr6,153600000,153800000,0.125424,0.153196,0.278452,-0.016065587948,0.038332879693
chr6,153800000,154000000,0.141997,0.157637,0.278452,-0.018604041312,0.047239500013
chr6,154000000,154200000,0.22486,0.193577,0.274353,-0.006392648098,0.06911716557
chr6,154200000,154400000,0.332958,0.300703,0.258471,0.020701946781,0.093513393941
chr6,154400000,154600000,0.332958,0.300703,0.252963,0.030921732033,0.093513393941
chr6,154600000,154800000,0.310736,0.267399,0.24182,0.037156951076,0.071885284889
chr6,154800000,155000000,0.255934,0.378966,0.230933,0.046209868195,0.071343204624
chr6,155000000,155200000,0.308476,0.378966,0.293053,0.046209868195,0.071343204624
chr6,155200000,155400000,0.308476,0.268093,0.341853,0.015624088163,0.059895499403
chr6,155400000,155600000,0.166479,0.253107,0.341853,0.000117492835,0.050642182826
chr6,155600000,155800000,0.139925,0.183863,0.328916,-0.007599729072,0.038022605584
chr6,155800000,156000000,0.15857,0.173733,0.328916,-0.007774532767,0.03970962747
chr6,156000000,156200000,0.163466,0.149866,0.312906,-0.012448648669,0.04090669239
chr6,156200000,156400000,0.163466,0.149727,0.29126,-0.007963829251,0.060078405544
chr6,156400000,156600000,0.316197,0.28641,0.292669,0.019771648646,0.065814431899
chr6,156600000,156800000,0.348589,0.403389,0.292669,0.03511002783,0.065814431899
chr6,156800000,157000000,0.377403,0.403389,0.240027,0.041537984796,0.062112279401
chr6,157000000,157200000,0.59021,0.360233,0.240027,0.046417855854,0.073414405534
chr6,157200000,157400000,0.59021,0.275448,0.228628,0.051713348182,0.073523925486
chr6,157400000,157600000,0.354992,0.231182,0.228628,0.055126616872,0.073523925486
chr6,157600000,157800000,0.354992,0.35607,0.267437,0.059993055493,0.065776843912
chr6,157800000,158000000,0.431829,0.469163,0.267437,0.06766759418,0.059283203009
chr6,158000000,158200000,0.431829,0.469163,0.232342,0.06766759418,0.059283203009
chr6,158200000,158400000,0.310548,0.300842,0.232342,0.065425781438,0.054392811789
chr6,158400000,158600000,0.535784,0.514817,0.225682,0.065425781438,0.054392811789
chr6,158600000,158800000,0.535784,0.600573,0.289467,0.063163896558,0.042836997147
chr6,158800000,159000000,0.48004,0.600573,0.289467,0.063163896558,0.069204972222
chr6,159000000,159200000,0.373637,0.202041,0.28857,0.028271985634,0.069204972222
chr6,159200000,159400000,0.239926,0.156388,0.280501,0.006543214031,0.065825952889
chr6,159400000,159600000,0.479663,0.424204,0.278964,0.038230051463,0.067189019441
chr6,159600000,159800000,0.479663,0.424204,0.278196,0.043364972637,0.079340721395
chr6,159800000,160000000,0.317139,0.335533,0.278196,0.043364972637,0.079340721395
chr6,160000000,160200000,0.41827,0.800672,0.314443,0.046840495861,0.071995054681
chr6,160200000,160400000,0.41827,0.800672,0.314443,0.046840495861,0.071159587424
chr6,160400000,160600000,0.287007,0.251442,0.282038,0.015799782241,0.070015183473
chr6,160600000,160800000,0.257817,0.212587,0.276531,0.003242906839,0.056876134136
chr6,160800000,161000000,0.257817,0.212587,0.276531,0.016719782269,0.071665273358
chr6,161000000,161200000,0.302826,0.226603,0.273072,0.016719782269,0.071665273358
chr6,161200000,161400000,0.302826,0.305143,0.296255,0.011796336411,0.070728895906
chr6,161400000,161600000,0.246517,0.305143,0.296255,0.002174210324,0.063378075731
chr6,161600000,161800000,0.207157,0.284745,0.255909,0.013890476488,0.061438948365
chr6,161800000,162000000,0.193033,0.34039,0.261161,0.013890476488,0.061438948365
chr6,162000000,162200000,0.193033,0.34039,0.271663,0.011379989123,0.051904830646
chr6,162200000,162400000,0.186065,0.201625,0.275506,-0.001845050338,0.042089973978
chr6,162400000,162600000,0.206781,0.192467,0.275506,-0.007398892307,0.038799991216
chr6,162600000,162800000,0.206781,0.192467,0.270895,-0.011509648273,0.03483782761
chr6,162800000,163000000,0.230133,0.166379,0.270895,-0.012435850893,0.049184473649
chr6,163000000,163200000,0.262713,0.192328,0.257831,0.006256554855,0.081769756777
chr6,163200000,163400000,0.361772,0.551728,0.29126,0.016705412288,0.081769756777
chr6,163400000,163600000,0.361772,0.551728,0.29126,0.016705412288,0.0754230247
chr6,163600000,163800000,0.284182,0.172346,0.265259,-0.003332063341,0.0754230247
chr6,163800000,164000000,0.284182,0.172346,0.265259,-0.009879731258,0.049167317018
chr6,164000000,164200000,0.22938,0.151115,0.276146,-0.015568971009,0.049167317018
chr6,164200000,164400000,0.128814,0.142928,0.276146,-0.015568971009,0.033026927847
chr6,164400000,164600000,0.110358,0.145425,0.27256,-0.013754003444,0.033026927847
chr6,164600000,164800000,0.168927,0.15389,0.258983,-0.013754003444,0.039150916124
chr6,164800000,165000000,0.174012,0.181504,0.28729,-0.014916599266,0.051526137231
chr6,165000000,165200000,0.23051,0.185251,0.28729,-0.007906933272,0.066426710186
chr6,165200000,165400000,0.23051,0.320685,0.276274,0.02388583195,0.067674936957
chr6,165400000,165600000,0.319399,0.320685,0.271663,0.029608545304,0.077144704671
chr6,165600000,165800000,0.44181,0.451401,0.288058,0.045010343808,0.099195423069
chr6,165800000,166000000,0.44181,0.451401,0.369775,0.045010343808,0.099195423069
chr6,166000000,166200000,0.406782,0.413796,0.369775,0.035627666156,0.08540029082
chr6,166200000,166400000,0.385313,0.219942,0.24848,0.035627666156,0.086699400136
chr6,166400000,166600000,0.394164,0.162771,0.235672,0.030696689109,0.086699400136
chr6,166600000,166800000,0.394164,0.188304,0.24515,0.030696689109,0.078397274387
chr6,166800000,167000000,0.300002,0.188304,0.24515,0.027128180727,0.062009569328
chr6,167000000,167200000,0.315821,0.159024,0.219662,0.029788011734,0.061904513701
chr6,167200000,167400000,0.315821,0.166934,0.216332,0.029788011734,0.061904513701
chr6,167400000,167600000,0.261395,0.166934,0.216332,0.029797901583,0.057064039661
chr6,167600000,167800000,0.279474,0.269758,0.220815,0.037024991239,0.05416311622
chr6,167800000,168000000,0.338608,0.269758,0.220815,0.04699114707,0.081660048618
chr6,168000000,168200000,0.351979,0.270452,0.214795,0.04699114707,0.081660048618
chr6,168200000,168400000,0.351979,0.270452,0.246431,0.036468774617,0.071060069061
chr6,168400000,168600000,0.265726,0.138071,0.265772,0.017410410181,0.060790058739
chr6,168600000,168800000,0.243127,0.178729,0.265772,0.020717410405,0.053405003223
chr6,168800000,169000000,0.245576,0.270314,0.289339,0.035830653314,0.054561137852
chr6,169000000,169200000,0.261583,0.338725,0.29459,0.044869753007,0.056137660007
chr6,169200000,169400000,0.261583,0.338725,0.313546,0.044869753007,0.056137660007
chr6,169400000,169600000,0.387761,0.342471,0.313546,0.041124902896,0.053177087707
chr6,169600000,169800000,0.387761,0.342471,0.245791,0.041124902896,0.078554775769
chr6,169800000,170000000,0.382488,0.177619,0.256678,0.030831357648,0.078554775769
chr6,170000000,170200000,0.356122,0.205649,0.256678,0.035112438073,0.075279046426
chr6,170200000,170400000,0.366857,0.238814,0.226963,0.035112438073,0.075279046426
chr6,170400000,170600000,0.366857,0.238814,0.226963,0.029257713971,0.068220857694
chr6,170600000,170800000,0.0265538,0.0108236,0.0204932,0.001242272591,0.004909751896
chr6,170800000,170805979,0.0,0.0,0.0,0.0,0.0
